duration1,duration2,temperature,humidity,speedlevel
567,590,27.3,59,12.2
567,561,27.3,59,12.2
591,557,27.3,58.8,12.2
573,563,27.3,58.8,12.2
573,566,27.3,58.7,12.2
567,564,27.3,58.7,12.2
591,591,27.3,59.1,12.2
567,563,27.3,59.1,12.2
568,585,27.4,58.9,12.2
574,560,27.4,58.9,12.2
574,584,27.3,58.6,12.2
574,585,27.3,58.6,12.2
597,567,27.4,58.8,12.2
594,591,27.4,58.8,12.2
591,591,27.4,58.7,12.2
567,560,27.4,58.7,12.2
568,557,27.4,58.8,12.2
573,566,27.4,58.8,12.2
574,566,27.4,58.7,12.2
567,566,27.4,58.7,12.2
568,560,27.4,58.7,12.2
567,558,27.4,58.7,12.2
574,584,27.3,58.7,12.2
573,584,27.3,58.7,12.2
574,561,27.3,58.7,12.2
573,561,27.3,58.7,12.2
573,560,27.3,58.6,12.2
573,567,27.3,58.6,12.2
568,591,27.4,58.9,12.2
567,566,27.4,58.9,12.2
567,567,27.4,58.7,12.2
567,584,27.4,58.7,12.2
591,560,27.4,58.7,12.2
574,560,27.4,58.7,12.2
574,560,27.4,58.9,12.2
597,564,27.4,58.9,12.2
574,590,27.3,58.8,12.2
567,567,27.3,58.8,12.2
567,560,27.4,58.8,12.2
567,560,27.4,58.8,12.2
594,560,27.4,58.8,12.2
600,558,27.4,58.8,12.2
574,585,27.4,58.8,12.2
594,567,27.4,58.8,12.2
567,567,27.3,58.7,12.2
567,564,27.3,58.7,12.2
568,564,27.3,58.8,12.2
568,560,27.3,58.8,12.2
568,561,27.3,58.6,12.2
600,560,27.3,58.6,12.2
574,561,27.4,58.8,12.2
574,564,27.4,58.8,12.2
574,564,27.5,58.6,12.2
568,566,27.5,58.6,12.2
568,561,27.3,58.7,12.2
568,585,27.3,58.7,12.2
567,557,27.4,58.7,12.2
597,560,27.4,58.7,12.2
597,584,27.4,58.5,12.2
574,561,27.4,58.5,12.2
574,557,27.3,58.7,12.2
600,584,27.3,58.7,12.2
574,566,27.3,58.7,12.2
573,591,27.3,58.7,12.2
574,591,27.3,58.8,12.2
591,567,27.3,58.8,12.2
591,564,27.4,58.6,12.2
567,561,27.4,58.6,12.2
568,557,27.3,58.6,12.2
594,584,27.3,58.6,12.2
592,561,27.3,58.9,12.2
600,558,27.3,58.9,12.2
574,558,27.3,58.9,12.2
597,591,27.3,58.9,12.2
574,567,27.3,59,12.2
567,563,27.3,59,12.2
567,591,27.3,58.6,12.2
568,561,27.3,58.6,12.2
568,561,27.3,58.8,12.2
597,561,27.3,58.8,12.2
574,561,27.3,58.7,12.2
574,561,27.3,58.7,12.2
574,567,27.3,59.1,12.2
600,590,27.3,59.1,12.2
574,564,27.4,59,12.2
594,591,27.4,59,12.2
567,567,27.3,58.8,12.2
571,558,27.3,58.8,12.2
568,584,27.3,58.9,12.2
600,561,27.3,58.9,12.2
574,584,27.5,58.9,12.2
574,560,27.5,58.9,12.2
574,558,27.4,58.9,12.2
574,591,27.4,58.9,12.2
567,567,27.3,59.1,12.2
594,564,27.3,59.1,12.2
568,567,27.3,59,12.2
568,558,27.3,59,12.2
568,585,27.3,58.8,12.2
576,560,27.3,58.8,12.2
574,561,27.3,58.9,12.2
600,591,27.3,58.9,12.2
574,590,27.4,58.8,12.2
594,563,27.4,58.8,12.2
568,567,27.3,58.8,12.2
594,558,27.3,58.8,12.2
568,557,27.4,58.8,12.2
573,560,27.4,58.8,12.2
598,584,27.4,58.9,12.2
600,588,27.4,58.9,12.2
598,566,27.4,58.8,12.2
594,567,27.4,58.8,12.2
567,564,27.4,58.8,12.2
567,584,27.4,58.8,12.2
592,557,27.4,58.9,12.2
568,557,27.4,58.9,12.2
574,558,27.3,58.6,12.2
573,561,27.3,58.6,12.2
598,584,27.3,58.8,12.2
567,567,27.3,58.8,12.2
591,567,27.4,58.8,12.2
567,558,27.4,58.8,12.2
568,561,27.4,58.9,12.2
567,558,27.4,58.9,12.2
574,584,27.4,58.8,12.2
574,561,27.4,58.8,12.2
574,567,27.3,58.6,12.2
568,564,27.3,58.6,12.2
568,564,27.4,58.7,12.2
567,584,27.4,58.7,12.2
567,560,27.4,58.8,12.2
574,560,27.4,58.8,12.2
574,557,27.3,58.9,12.2
574,566,27.3,58.9,12.2
574,567,27.4,59,12.2
567,590,27.4,59,12.2
567,564,27.4,58.8,12.2
567,584,27.4,58.8,12.2
568,560,27.4,59,12.2
591,560,27.4,59,12.2
591,560,27.4,58.9,12.2
573,584,27.4,58.9,12.2
573,584,27.4,59,12.2
574,567,27.4,59,12.2
574,590,27.3,58.8,12.2
568,566,27.3,58.8,12.2
591,566,27.4,58.9,12.2
591,585,27.4,58.9,12.2
591,561,27.4,58.6,12.2
591,584,27.4,58.6,12.2
591,584,27.4,58.8,12.2
573,561,27.4,58.8,12.2
573,584,27.4,58.9,12.2
574,566,27.4,58.9,12.2
574,563,27.3,58.9,12.2
570,564,27.3,58.9,12.2
568,591,27.3,58.8,12.2
567,560,27.3,58.8,12.2
592,558,27.3,59,12.2
574,584,27.3,59,12.2
574,584,27.4,59.1,12.2
574,564,27.4,59.1,12.2
574,563,27.4,59.1,12.2
568,567,27.4,59.1,12.2
567,566,27.4,59.1,12.2
567,566,27.4,59.1,12.2
594,563,27.4,59.1,12.2
594,558,27.4,59.1,12.2
568,561,27.4,59.1,12.2
573,561,27.4,59.1,12.2
574,557,27.4,59,12.2
574,558,27.4,59,12.2
574,563,27.4,59.2,12.2
591,564,27.4,59.2,12.2
568,563,27.3,59.1,12.2
567,567,27.3,59.1,12.2
594,564,27.4,59,12.2
567,558,27.4,59,12.2
594,560,27.4,59,12.2
574,561,27.4,59,12.2
574,584,27.4,58.9,12.2
600,584,27.4,58.9,12.2
574,584,27.3,58.9,12.2
568,564,27.3,58.9,12.2
568,563,27.5,59.1,12.2
594,566,27.5,59.1,12.2
567,591,27.4,58.7,12.2
567,560,27.4,58.7,12.2
568,557,27.4,58.8,12.2
574,558,27.4,58.8,12.2
597,560,27.4,58.9,12.2
574,590,27.4,58.9,12.2
598,563,27.3,58.8,12.2
591,564,27.3,58.8,12.2
568,566,27.4,58.9,12.2
567,560,27.4,58.9,12.2
591,560,27.4,58.8,12.2
574,584,27.4,58.8,12.2
574,557,27.4,58.8,12.2
573,591,27.4,58.8,12.2
574,564,27.4,58.7,12.2
567,566,27.4,58.7,12.2
564,564,27.4,58.8,12.2
591,560,27.4,58.8,12.2
568,560,27.4,58.7,12.2
591,560,27.4,58.7,12.2
568,557,27.4,58.9,12.2
574,584,27.4,58.9,12.2
598,557,27.4,58.9,12.2
574,561,27.4,58.9,12.2
574,561,27.4,58.7,12.2
573,564,27.4,58.7,12.2
568,564,27.4,58.7,12.2
568,591,27.4,58.7,12.2
568,567,27.4,58.7,12.2
568,558,27.4,58.7,12.2
568,560,27.4,58.9,12.2
567,557,27.4,58.9,12.2
568,560,27.4,58.7,12.2
574,560,27.4,58.7,12.2
574,584,27.5,58.9,12.2
573,585,27.5,58.9,12.2
574,560,27.5,58.8,12.2
574,567,27.5,58.8,12.2
574,567,27.4,58.7,12.2
567,566,27.4,58.7,12.2
567,567,27.3,58.9,12.2
567,584,27.3,58.9,12.2
568,566,27.4,58.7,12.2
568,560,27.4,58.7,12.2
594,558,27.4,58.9,12.2
592,585,27.4,58.9,12.2
594,560,27.4,59,12.2
574,560,27.4,59,12.2
574,558,27.4,58.9,12.2
574,560,27.4,58.9,12.2
597,585,27.4,59.1,12.2
574,567,27.4,59.1,12.2
574,567,27.4,58.7,12.2
594,567,27.4,58.7,12.2
567,566,27.4,58.9,12.2
567,564,27.4,58.9,12.2
594,590,27.4,58.9,12.2
594,591,27.4,58.9,12.2
568,567,27.4,58.8,12.2
594,558,27.4,58.8,12.2
594,561,27.4,58.9,12.2
594,560,27.4,58.9,12.2
568,560,27.4,58.8,12.2
600,584,27.4,58.8,12.2
574,558,27.4,58.6,12.2
574,560,27.4,58.6,12.2
574,560,27.4,58.8,12.2
573,566,27.4,58.8,12.2
591,567,27.4,59,12.2
568,566,27.4,59,12.2
568,563,27.4,58.7,12.2
591,567,27.4,58.7,12.2
568,557,27.4,58.9,12.2
567,584,27.4,58.9,12.2
594,557,27.4,58.7,12.2
574,584,27.4,58.7,12.2
574,557,27.4,58.9,12.2
573,557,27.4,58.9,12.2
574,558,27.4,59.1,12.2
573,563,27.4,59.1,12.2
574,566,27.4,59.1,12.2
573,566,27.4,59.1,12.2
574,564,27.4,58.9,12.2
568,564,27.4,58.9,12.2
567,590,27.4,59,12.2
567,564,27.4,59,12.2
567,567,27.4,59.1,12.2
591,558,27.4,59.1,12.2
567,560,27.4,58.9,12.2
567,558,27.4,58.9,12.2
567,557,27.4,59.1,12.2
568,558,27.4,59.1,12.2
574,557,27.4,58.9,12.2
574,557,27.4,58.9,12.2
574,558,27.4,58.8,12.2
573,590,27.4,58.8,12.2
598,564,27.5,58.8,12.2
567,590,27.5,58.8,12.2
568,567,27.5,59.1,12.2
567,566,27.5,59.1,12.2
567,564,27.4,59.1,12.2
568,567,27.4,59.1,12.2
591,563,27.4,58.7,12.2
591,561,27.4,58.7,12.2
567,558,27.4,59.1,12.2
591,558,27.4,59.1,12.2
591,584,27.4,58.9,12.2
594,557,27.4,58.9,12.2
567,584,27.4,59.2,12.2
573,561,27.4,59.2,12.2
597,558,27.5,58.8,12.2
600,561,27.5,58.8,12.2
574,560,27.4,58.9,12.2
600,567,27.4,58.9,12.2
574,564,27.4,58.8,12.2
567,567,27.4,58.8,12.2
568,567,27.4,58.9,12.2
571,567,27.4,58.9,12.2
568,564,27.4,59.1,12.2
568,557,27.4,59.1,12.2
568,560,27.5,58.8,12.2
568,560,27.5,58.8,12.2
591,560,27.4,58.7,12.2
574,558,27.4,58.7,12.2
574,557,27.4,58.9,12.2
574,564,27.4,58.9,12.2
574,567,27.5,59.1,12.2
574,564,27.5,59.1,12.2
574,564,27.5,59.1,12.2
573,590,27.5,59.1,12.2
574,564,27.5,59.2,12.2
567,564,27.5,59.2,12.2
568,591,27.4,59.1,12.2
567,566,27.4,59.1,12.2
568,564,27.4,59.3,12.2
568,588,27.4,59.3,12.2
567,563,27.5,59.1,12.2
567,564,27.5,59.1,12.2
568,558,27.4,59,12.2
567,584,27.4,59,12.2
568,558,27.5,59.2,12.2
567,557,27.5,59.2,12.2
568,560,27.5,58.9,12.2
574,557,27.5,58.9,12.2
574,560,27.4,58.9,12.2
600,561,27.4,58.9,12.2
574,558,27.5,59,12.2
574,563,27.5,59,12.2
574,564,27.5,59.1,12.2
574,566,27.5,59.1,12.2
574,567,27.4,59,12.2
567,563,27.4,59,12.2
591,563,27.4,59,12.2
567,567,27.4,59,12.2
567,590,27.4,58.9,12.2
591,566,27.4,58.9,12.2
568,566,27.5,59.2,12.2
591,560,27.5,59.2,12.2
568,560,27.4,59,12.2
591,561,27.4,59,12.2
591,560,27.4,59,12.2
591,558,27.4,59,12.2
591,585,27.4,58.7,12.2
573,584,27.4,58.7,12.2
574,558,27.5,59.1,12.2
574,560,27.5,59.1,12.2
574,557,27.4,59.1,12.2
574,563,27.4,59.1,12.2
574,563,27.4,59.2,12.2
567,564,27.4,59.2,12.2
567,566,27.4,59.1,12.2
567,567,27.4,59.1,12.2
568,567,27.4,58.9,12.2
568,558,27.4,58.9,12.2
568,584,27.4,59.3,12.2
591,560,27.4,59.3,12.2
568,558,27.4,59.1,12.2
567,561,27.4,59.1,12.2
573,560,27.5,59,12.2
600,561,27.5,59,12.2
574,584,27.4,59.1,12.2
574,560,27.4,59.1,12.2
598,558,27.5,59.2,12.2
574,567,27.5,59.2,12.2
573,567,27.5,59.2,12.2
567,564,27.5,59.2,12.2
594,567,27.5,59.5,12.2
567,566,27.5,59.5,12.2
591,567,27.4,59.3,12.2
567,564,27.4,59.3,12.2
568,590,27.5,59.1,12.2
594,566,27.5,59.1,12.2
567,566,27.4,59.3,12.2
567,558,27.4,59.3,12.2
591,560,27.5,59,12.2
594,558,27.5,59,12.2
591,558,27.4,59.2,12.2
573,558,27.4,59.2,12.2
574,557,27.5,59.2,12.2
574,558,27.5,59.2,12.2
574,560,27.5,59.1,12.2
573,558,27.5,59.1,12.2
574,584,27.5,59,12.2
573,563,27.5,59,12.2
598,567,27.5,59.3,12.2
574,564,27.5,59.3,12.2
574,564,27.5,59.4,12.2
567,564,27.5,59.4,12.2
567,564,27.5,59,12.2
567,590,27.5,59,12.2
567,563,27.5,59.1,12.2
568,564,27.5,59.1,12.2
568,564,27.5,59.2,12.2
567,557,27.5,59.2,12.2
591,561,27.5,58.9,12.2
567,558,27.5,58.9,12.2
568,557,27.5,59,12.2
591,557,27.5,59,12.2
567,557,27.5,59.2,12.2
597,584,27.5,59.2,12.2
600,585,27.5,59.1,12.2
597,557,27.5,59.1,12.2
574,585,27.5,59.1,12.2
573,560,27.5,59.1,12.2
574,557,27.5,59.4,12.2
574,558,27.5,59.4,12.2
574,584,27.4,59,12.2
574,564,27.4,59,12.2
574,564,27.5,59.2,12.2
591,564,27.5,59.2,12.2
568,567,27.5,59.2,12.2
594,563,27.5,59.2,12.2
567,566,27.5,59.1,12.2
567,567,27.5,59.1,12.2
591,590,27.5,59.1,12.2
567,567,27.5,59.1,12.2
568,567,27.5,59.2,12.2
567,561,27.5,59.2,12.2
591,557,27.5,59.1,12.2
567,557,27.5,59.1,12.2
591,584,27.5,59.2,12.2
568,561,27.5,59.2,12.2
591,557,27.5,59,12.2
567,558,27.5,59,12.2
591,560,27.5,59.1,12.2
567,560,27.5,59.1,12.2
591,557,27.6,59.5,12.2
573,557,27.6,59.5,12.2
597,560,27.5,59.3,12.2
574,558,27.5,59.3,12.2
573,584,27.5,59.4,12.2
573,561,27.5,59.4,12.2
574,585,27.5,59.3,12.2
573,567,27.5,59.3,12.2
573,567,27.5,59.4,12.2
574,567,27.5,59.4,12.2
568,567,27.4,59.1,12.2
568,564,27.4,59.1,12.2
568,590,27.5,59.3,12.2
591,590,27.5,59.3,12.2
591,563,27.5,59.1,12.2
568,564,27.5,59.1,12.2
594,567,27.5,59.2,12.2
567,590,27.5,59.2,12.2
568,564,27.5,59.1,12.2
567,567,27.5,59.1,12.2
594,567,27.5,59.2,12.2
568,584,27.5,59.2,12.2
591,584,27.5,59.3,12.2
593,561,27.5,59.3,12.2
568,558,27.5,59.6,12.2
567,561,27.5,59.6,12.2
568,558,27.5,59.2,12.2
573,561,27.5,59.2,12.2
573,584,27.5,59.5,12.2
573,560,27.5,59.5,12.2
574,557,27.5,59.4,12.2
600,584,27.5,59.4,12.2
573,584,27.5,59.4,12.2
573,564,27.5,59.4,12.2
573,564,27.4,59.5,12.2
567,563,27.4,59.5,12.2
567,564,27.5,59.5,12.2
568,563,27.5,59.5,12.2
568,591,27.5,59.4,12.2
568,564,27.5,59.4,12.2
568,558,27.4,59.8,12.2
594,557,27.4,59.8,12.2
567,557,27.5,59.6,12.2
567,558,27.5,59.6,12.2
567,557,27.5,59.6,12.2
594,561,27.5,59.6,12.2
568,561,27.6,59.5,12.2
597,557,27.6,59.5,12.2
574,558,27.5,59.5,12.2
574,558,27.5,59.5,12.2
574,558,27.5,59.2,12.2
597,561,27.5,59.2,12.2
597,558,27.6,59.5,12.2
573,563,27.6,59.5,12.2
574,564,27.5,59.6,12.2
567,564,27.5,59.6,12.2
568,564,27.5,59.6,12.2
594,567,27.5,59.6,12.2
568,564,27.6,59.9,12.2
591,591,27.6,59.9,12.2
591,563,27.5,59.4,12.2
570,567,27.5,59.4,12.2
568,567,27.5,59.5,12.2
568,558,27.5,59.5,12.2
567,558,27.5,59.4,12.2
567,557,27.5,59.4,12.2
567,560,27.4,59.5,12.2
573,558,27.4,59.5,12.2
574,561,27.5,59.5,12.2
574,557,27.5,59.5,12.2
597,557,27.5,59.6,12.2
574,557,27.5,59.6,12.2
573,557,27.5,59.3,12.2
573,564,27.5,59.3,12.2
597,567,27.5,59.4,12.2
574,590,27.5,59.4,12.2
597,563,27.5,59.5,12.2
567,590,27.5,59.5,12.2
568,566,27.5,59.4,12.2
591,563,27.5,59.4,12.2
591,566,27.5,59.6,12.2
567,564,27.5,59.6,12.2
567,590,27.5,59.3,12.2
568,563,27.5,59.3,12.2
567,564,27.5,59.3,12.2
567,557,27.5,59.3,12.2
568,560,27.5,59.3,12.2
567,560,27.5,59.3,12.2
591,557,27.6,59.4,12.2
591,557,27.6,59.4,12.2
594,557,27.5,59.4,12.2
597,558,27.5,59.4,12.2
573,584,27.6,59.4,12.2
574,560,27.6,59.4,12.2
600,560,27.5,59.5,12.2
600,584,27.5,59.5,12.2
600,584,27.6,59.5,12.2
574,560,27.6,59.5,12.2
574,567,27.5,59.3,12.2
573,563,27.5,59.3,12.2
600,567,27.6,59.3,12.2
594,564,27.6,59.3,12.2
567,566,27.5,59.4,12.2
568,590,27.5,59.4,12.2
591,563,27.6,59.7,12.2
567,567,27.6,59.7,12.2
567,559,27.5,59.1,12.2
594,590,27.5,59.1,12.2
567,564,27.5,59.4,12.2
591,557,27.5,59.4,12.2
567,558,27.5,59.2,12.2
567,558,27.5,59.2,12.2
591,560,27.5,59.6,12.2
597,557,27.5,59.6,12.2
573,584,27.5,59.6,12.2
597,558,27.5,59.6,12.2
574,557,27.5,59.6,12.2
574,557,27.5,59.6,12.2
574,564,27.5,59.6,12.2
573,563,27.5,59.6,12.2
573,564,27.4,59.7,12.2
591,566,27.4,59.7,12.2
567,563,27.6,59.4,12.2
591,590,27.6,59.4,12.2
567,590,27.5,59.2,12.2
568,563,27.5,59.2,12.2
568,558,27.5,59.5,12.2
567,584,27.5,59.5,12.2
591,560,27.5,59.6,12.2
594,558,27.5,59.6,12.2
568,560,27.5,59.4,12.2
591,560,27.5,59.4,12.2
567,561,27.5,59.8,12.2
594,561,27.5,59.8,12.2
570,557,27.5,59.8,12.2
597,558,27.5,59.8,12.2
574,561,27.5,59.9,12.2
574,558,27.5,59.9,12.2
574,558,27.5,59.7,12.2
574,557,27.5,59.7,12.2
597,557,27.6,59.8,12.2
600,560,27.6,59.8,12.2
597,558,27.5,59.5,12.2
600,558,27.5,59.5,12.2
574,584,27.5,59.7,12.2
573,585,27.5,59.7,12.2
574,584,27.5,59.6,12.2
574,558,27.5,59.6,12.2
573,558,27.5,59.6,12.2
573,567,27.5,59.6,12.2
573,567,27.6,60,12.2
597,591,27.6,60,12.2
574,563,27.5,59.6,12.2
567,564,27.5,59.6,12.2
568,564,27.5,60,12.2
594,564,27.5,60,12.2
568,563,27.5,59.8,12.2
567,564,27.5,59.8,12.2
568,567,27.5,60,12.2
591,590,27.5,60,12.2
568,564,27.6,60,12.2
567,557,27.6,60,12.2
567,560,27.5,59.7,12.2
568,584,27.5,59.7,12.2
567,584,27.6,59.7,12.2
567,558,27.6,59.7,12.2
568,560,27.5,59.8,12.2
567,560,27.5,59.8,12.2
591,561,27.6,59.6,12.2
567,557,27.6,59.6,12.2
574,560,27.6,59.7,12.2
574,558,27.6,59.7,12.2
574,557,27.6,59.7,12.2
573,584,27.6,59.7,12.2
574,561,27.6,59.4,12.2
574,564,27.6,59.4,12.2
574,564,27.5,59.7,12.2
573,563,27.5,59.7,12.2
568,590,27.5,59.5,12.2
567,590,27.5,59.5,12.2
567,564,27.5,59.6,12.2
567,564,27.5,59.6,12.2
591,591,27.4,59.8,12.2
567,564,27.4,59.8,12.2
591,563,27.6,59.9,12.2
567,591,27.6,59.9,12.2
567,567,27.5,59.7,12.2
591,590,27.5,59.7,12.2
567,591,27.5,60.1,12.2
568,564,27.5,60.1,12.2
568,590,27.5,59.6,12.2
594,563,27.5,59.6,12.2
567,566,27.5,59.6,12.2
591,564,27.5,59.6,12.2
567,564,27.6,59.7,12.2
591,557,27.6,59.7,12.2
568,557,27.6,59.8,12.2
567,584,27.6,59.8,12.2
567,557,27.5,59.7,12.2
567,584,27.5,59.7,12.2
591,561,27.6,59.8,12.2
567,561,27.6,59.8,12.2
568,584,27.6,59.7,12.2
567,584,27.6,59.7,12.2
567,557,27.5,59.9,12.2
591,557,27.5,59.9,12.2
567,557,27.6,59.7,12.2
567,560,27.6,59.7,12.2
568,557,27.6,59.5,12.2
597,558,27.6,59.5,12.2
573,558,27.6,59.9,12.2
574,558,27.6,59.9,12.2
598,584,27.6,60.2,12.2
573,560,27.6,60.2,12.2
574,557,27.6,59.9,12.2
573,585,27.6,59.9,12.2
597,560,27.6,59.8,12.2
573,558,27.6,59.8,12.2
597,557,27.6,59.9,12.2
573,557,27.6,59.9,12.2
598,557,27.5,59.7,12.2
574,567,27.5,59.7,12.2
574,589,27.6,59.7,12.2
573,591,27.6,59.7,12.2
574,563,27.5,59.5,12.2
574,566,27.5,59.5,12.2
597,567,27.5,59.9,12.2
573,563,27.5,59.9,12.2
600,566,27.5,59.7,12.2
573,567,27.5,59.7,12.2
597,564,27.6,59.8,12.2
594,591,27.6,59.8,12.2
574,564,27.6,60,12.2
567,567,27.6,60,12.2
568,563,27.5,60,12.2
567,563,27.5,60,12.2
568,591,27.6,59.8,12.2
567,564,27.6,59.8,12.2
568,567,27.5,59.8,12.2
594,591,27.5,59.8,12.2
568,567,27.6,59.7,12.2
591,567,27.6,59.7,12.2
591,567,27.6,59.6,12.2
567,558,27.6,59.6,12.2
568,561,27.6,60,12.2
567,558,27.6,60,12.2
567,558,27.5,60,12.2
567,557,27.5,60,12.2
567,558,27.6,60.3,12.2
567,558,27.6,60.3,12.2
573,557,27.6,59.8,12.2
600,557,27.6,59.8,12.2
573,558,27.6,60,12.2
574,560,27.6,60,12.2
574,558,27.6,59.8,12.2
573,585,27.6,59.8,12.2
574,557,27.6,59.7,12.2
574,567,27.6,59.7,12.2
573,564,27.5,59.7,12.2
573,564,27.5,59.7,12.2
597,564,27.5,59.6,12.2
573,563,27.5,59.6,12.2
571,590,27.6,59.8,12.2
567,590,27.6,59.8,12.2
591,567,27.6,60,12.2
567,564,27.6,60,12.2
568,590,27.6,59.6,12.2
567,590,27.6,59.6,12.2
567,564,27.6,59.6,12.2
594,563,27.6,59.6,12.2
568,563,27.5,59.9,12.2
568,591,27.5,59.9,12.2
568,564,27.5,60,12.2
567,566,27.5,60,12.2
591,564,27.6,60,12.2
567,557,27.6,60,12.2
568,558,27.5,59.9,12.2
567,566,27.5,59.9,12.2
591,564,27.6,60,12.2
567,557,27.6,60,12.2
591,560,27.5,60,12.2
567,561,27.5,60,12.2
568,557,27.6,59.9,12.2
567,557,27.6,59.9,12.2
568,557,27.6,59.9,12.2
567,557,27.6,59.9,12.2
568,560,27.6,60,12.2
567,557,27.6,60,12.2
568,557,27.6,60,12.2
573,560,27.6,60,12.2
574,558,27.6,60.2,12.2
574,557,27.6,60.2,12.2
574,560,27.5,59.8,12.2
573,557,27.5,59.8,12.2
574,584,27.6,59.8,12.2
597,560,27.6,59.8,12.2
574,564,27.6,60.2,12.2
597,590,27.6,60.2,12.2
598,590,27.5,60.2,12.2
573,567,27.5,60.2,12.2
573,564,27.6,59.8,12.2
567,567,27.6,59.8,12.2
591,563,27.6,60.3,12.2
568,563,27.6,60.3,12.2
568,564,27.7,60.1,12.2
567,567,27.7,60.1,12.2
567,564,27.6,60.1,12.2
570,557,27.6,60.1,12.2
567,558,27.6,60.2,12.2
567,557,27.6,60.2,12.2
567,558,27.6,60.4,12.2
568,560,27.6,60.4,12.2
594,558,27.7,60.1,12.2
567,557,27.7,60.1,12.2
591,558,27.6,60.2,12.2
600,584,27.6,60.2,12.2
591,557,27.6,60.1,12.2
574,584,27.6,60.1,12.2
574,557,27.6,60.1,12.2
574,584,27.6,60.1,12.2
574,584,27.6,60.1,12.2
573,591,27.6,60.1,12.2
601,564,27.6,60.1,12.2
567,564,27.6,60.1,12.2
567,566,27.6,60.2,12.2
567,590,27.6,60.2,12.2
591,564,27.6,60,12.2
594,567,27.6,60,12.2
591,564,27.6,60.3,12.2
567,564,27.6,60.3,12.2
567,563,27.6,60.1,12.2
567,558,27.6,60.1,12.2
568,561,27.5,60.2,12.2
567,557,27.5,60.2,12.2
591,560,27.6,60.1,12.2
574,557,27.6,60.1,12.2
574,558,27.6,60.4,12.2
574,557,27.6,60.4,12.2
574,584,27.6,60.3,12.2
574,585,27.6,60.3,12.2
574,584,27.6,60,12.2
574,584,27.6,60,12.2
574,558,27.6,59.8,12.2
573,557,27.6,59.8,12.2
597,563,27.6,60,12.2
573,564,27.6,60,12.2
573,566,27.6,60.5,12.2
600,591,27.6,60.5,12.2
597,590,27.6,60.2,12.2
597,563,27.6,60.2,12.2
597,590,27.6,60.1,12.2
567,590,27.6,60.1,12.2
568,590,27.6,60,12.2
567,563,27.6,60,12.2
568,567,27.6,60.2,12.2
567,564,27.6,60.2,12.2
568,590,27.7,60.1,12.2
568,566,27.7,60.1,12.2
567,563,27.6,60.3,12.2
594,557,27.6,60.3,12.2
567,584,27.6,60,12.2
567,560,27.6,60,12.2
567,584,27.6,60.1,12.2
568,561,27.6,60.1,12.2
567,557,27.6,60.4,12.2
591,557,27.6,60.4,12.2
594,560,27.7,59.7,12.2
591,557,27.7,59.7,12.2
568,584,27.6,60.5,12.2
568,585,27.6,60.5,12.2
568,558,27.6,59.9,12.2
591,557,27.6,59.9,12.2
567,557,27.6,60.1,12.2
574,584,27.6,60.1,12.2
597,560,27.6,60.4,12.2
597,558,27.6,60.4,12.2
600,560,27.6,60.6,12.2
573,558,27.6,60.6,12.2
598,584,27.6,60.3,12.2
573,558,27.6,60.3,12.2
574,558,27.7,60.4,12.2
597,557,27.7,60.4,12.2
574,557,27.6,60.5,12.2
597,560,27.6,60.5,12.2
574,557,27.6,60.8,12.2
576,590,27.6,60.8,12.2
574,564,27.7,60.6,12.2
574,564,27.7,60.6,12.2
574,563,27.7,60.5,12.2
573,563,27.7,60.5,12.2
573,564,27.6,60.3,12.2
573,563,27.6,60.3,12.2
574,563,27.7,60.4,12.2
568,564,27.7,60.4,12.2
594,564,27.5,60.7,12.2
573,564,27.5,60.7,12.2
600,566,27.6,60.5,12.2
573,591,27.6,60.5,12.2
574,564,27.6,60.6,12.2
574,591,27.6,60.6,12.2
597,564,27.7,60.5,12.2
573,563,27.7,60.5,12.2
574,564,27.6,60.3,12.2
567,564,27.6,60.3,12.2
568,564,27.6,60.6,12.2
591,564,27.6,60.6,12.2
567,566,27.6,60.6,12.2
567,591,27.6,60.6,12.2
594,564,27.6,60.5,12.2
567,567,27.6,60.5,12.2
594,564,27.7,60.6,12.2
594,563,27.7,60.6,12.2
567,564,27.6,60.5,12.2
591,564,27.6,60.5,12.2
591,567,27.6,60.1,12.2
567,564,27.6,60.1,12.2
568,567,27.6,60.6,12.2
591,566,27.6,60.6,12.2
591,564,27.6,60.1,12.2
567,561,27.6,60.1,12.2
591,584,27.6,60.2,12.2
567,558,27.6,60.2,12.2
568,558,27.6,60.3,12.2
567,560,27.6,60.3,12.2
591,557,27.6,60.2,12.2
568,560,27.6,60.2,12.2
591,557,27.7,60.4,12.2
591,557,27.7,60.4,12.2
591,558,27.7,60.3,12.2
567,557,27.7,60.3,12.2
591,558,27.7,60.3,12.2
591,557,27.7,60.3,12.2
567,558,27.6,60.5,12.2
567,557,27.6,60.5,12.2
567,557,27.6,60.4,12.2
597,560,27.6,60.4,12.2
598,557,27.6,60.5,12.2
573,558,27.6,60.5,12.2
598,560,27.6,60.5,12.2
573,560,27.6,60.5,12.2
573,557,27.7,60.4,12.2
597,584,27.7,60.4,12.2
573,560,27.7,60.3,12.2
597,557,27.7,60.3,12.2
573,560,27.7,60.4,12.2
600,557,27.7,60.4,12.2
574,584,27.6,60.3,12.2
573,584,27.6,60.3,12.2
574,558,27.6,60.4,12.2
600,560,27.6,60.4,12.2
574,562,27.6,60.2,12.2
574,567,27.6,60.2,12.2
574,566,27.6,60.3,12.2
574,590,27.6,60.3,12.2
600,563,27.6,60.6,12.2
597,567,27.6,60.6,12.2
574,567,27.6,60.3,12.2
567,564,27.6,60.3,12.2
591,590,27.7,60.2,12.2
594,590,27.7,60.2,12.2
591,566,27.6,60.5,12.2
591,591,27.6,60.5,12.2
567,566,27.6,60.5,12.2
591,563,27.6,60.5,12.2
567,563,27.6,60.2,12.2
567,567,27.6,60.2,12.2
568,563,27.6,60.6,12.2
567,564,27.6,60.6,12.2
568,564,27.6,60.3,12.2
567,563,27.6,60.3,12.2
568,558,27.7,60.3,12.2
593,564,27.7,60.3,12.2
568,567,27.6,60.5,12.2
567,562,27.6,60.5,12.2
591,563,27.7,60.6,12.2
567,564,27.7,60.6,12.2
567,563,27.6,60.5,12.2
591,561,27.6,60.5,12.2
568,561,27.5,60.6,12.2
591,564,27.5,60.6,12.2
568,560,27.7,60.7,12.2
591,564,27.7,60.7,12.2
568,564,27.7,60.9,12.2
567,590,27.7,60.9,12.2
568,564,27.6,60.9,12.2
567,558,27.6,60.9,12.2
567,557,27.7,60.6,12.2
567,558,27.7,60.6,12.2
591,561,27.7,60.5,12.2
570,563,27.7,60.5,12.2
591,564,27.7,60.6,12.2
567,564,27.7,60.6,12.2
591,564,27.7,60.6,12.2
567,563,27.7,60.6,12.2
568,563,27.6,60.7,12.2
567,590,27.6,60.7,12.2
591,563,27.6,60.8,12.2
567,564,27.6,60.8,12.2
568,564,27.6,60.9,12.2
591,560,27.6,60.9,12.2
591,558,27.7,60.7,12.2
567,563,27.7,60.7,12.2
567,564,27.7,60.6,12.2
594,564,27.7,60.6,12.2
567,564,27.6,60.8,12.2
591,564,27.6,60.8,12.2
591,563,27.6,60.5,12.2
568,557,27.6,60.5,12.2
568,558,27.6,60.4,12.2
567,557,27.6,60.4,12.2
568,557,27.7,60.7,12.2
568,567,27.7,60.7,12.2
568,566,27.7,60.6,12.2
567,563,27.7,60.6,12.2
567,564,27.6,60.7,12.2
567,591,27.6,60.7,12.2
568,564,27.7,60.8,12.2
568,557,27.7,60.8,12.2
591,558,27.7,60.4,12.2
567,557,27.7,60.4,12.2
591,584,27.7,60.7,12.2
591,567,27.7,60.7,12.2
567,566,27.6,60.7,12.2
567,591,27.6,60.7,12.2
567,591,27.7,60.7,12.2
567,564,27.7,60.7,12.2
567,564,27.7,61,12.2
567,563,27.7,61,12.2
568,564,27.6,60.8,12.2
594,564,27.6,60.8,12.2
567,564,27.6,60.7,12.2
591,563,27.6,60.7,12.2
591,567,27.6,60.9,12.2
567,591,27.6,60.9,12.2
591,563,27.6,60.8,12.2
567,584,27.6,60.8,12.2
568,558,27.6,61,12.2
594,558,27.6,61,12.2
567,561,27.6,61,12.2
567,558,27.6,61,12.2
567,560,27.6,60.9,12.2
573,557,27.6,60.9,12.2
574,584,27.6,61,12.2
573,557,27.6,61,12.2
574,558,27.7,61,12.2
573,586,27.7,61,12.2
574,567,27.7,61,12.2
573,590,27.7,61,12.2
574,563,27.7,60.9,12.2
574,564,27.7,60.9,12.2
598,564,27.7,61,12.2
567,566,27.7,61,12.2
568,563,27.6,61.1,12.2
594,563,27.6,61.1,12.2
567,563,27.7,61,12.2
568,564,27.7,61,12.2
591,564,27.6,60.9,12.2
567,562,27.6,60.9,12.2
568,557,27.6,60.8,12.2
567,558,27.6,60.8,12.2
567,558,27.6,60.8,12.2
591,557,27.6,60.8,12.2
568,557,27.7,60.9,12.2
567,560,27.7,60.9,12.2
574,557,27.7,60.6,12.2
567,558,27.7,60.6,12.2
591,557,27.7,60.8,12.2
597,557,27.7,60.8,12.2
591,591,27.7,61.2,13.85
567,560,27.7,61.2,13.85
568,558,27.7,61,13.85
573,557,27.7,61,13.85
573,557,27.7,61.2,13.85
573,564,27.7,61.2,13.85
574,563,27.7,61.3,13.85
567,564,27.7,61.3,13.85
567,564,27.7,61.3,13.85
567,563,27.7,61.3,13.85
567,588,27.7,61.3,13.85
568,561,27.7,61.3,13.85
591,585,27.7,61.2,13.85
567,557,27.7,61.2,13.85
574,557,27.7,61.1,13.85
597,557,27.7,61.1,13.85
573,557,27.7,61.2,13.85
573,590,27.7,61.2,13.85
597,563,27.7,61.1,13.85
597,567,27.7,61.1,13.85
591,564,27.7,61,13.85
594,567,27.7,61,13.85
568,566,27.7,61,13.85
591,566,27.7,61,13.85
568,557,27.7,61.4,13.85
567,557,27.7,61.4,13.85
568,557,27.7,61.1,13.85
567,560,27.7,61.1,13.85
591,558,27.7,61.3,13.85
591,558,27.7,61.3,13.85
591,584,27.7,61.2,13.85
567,557,27.7,61.2,13.85
574,584,27.7,61.3,13.85
573,558,27.7,61.3,13.85
574,584,27.7,61.3,13.85
574,558,27.7,61.3,13.85
573,558,27.7,61.2,13.85
574,584,27.7,61.2,13.85
574,584,27.7,61.5,13.85
574,560,27.7,61.5,13.85
574,557,27.7,61,13.85
573,564,27.7,61,13.85
574,564,27.6,61.3,13.85
567,590,27.6,61.3,13.85
594,566,27.7,61.4,13.85
594,564,27.7,61.4,13.85
594,564,27.6,61.4,13.85
594,567,27.6,61.4,13.85
567,590,27.6,61.7,13.85
594,558,27.6,61.7,13.85
567,558,27.7,61.3,13.85
567,558,27.7,61.3,13.85
591,585,27.8,60.9,13.85
594,558,27.8,60.9,13.85
597,558,27.7,61.3,13.85
576,584,27.7,61.3,13.85
597,557,27.7,61.1,13.85
573,558,27.7,61.1,13.85
600,557,27.7,61.4,13.85
600,557,27.7,61.4,13.85
574,558,27.7,61.2,13.85
574,563,27.7,61.2,13.85
597,564,27.6,61.5,13.85
600,564,27.6,61.5,13.85
574,564,27.7,61.3,13.85
576,590,27.7,61.3,13.85
573,567,27.7,61.3,13.85
567,564,27.7,61.3,13.85
567,564,27.7,61.3,13.85
594,564,27.7,61.3,13.85
568,567,27.6,61.4,13.85
567,564,27.6,61.4,13.85
591,563,27.7,61.4,13.85
594,563,27.7,61.4,13.85
594,566,27.7,61.3,13.85
568,567,27.7,61.3,13.85
567,560,27.6,61.2,13.85
591,558,27.6,61.2,13.85
594,558,27.7,61.3,13.85
568,560,27.7,61.3,13.85
567,557,27.7,61.5,13.85
567,584,27.7,61.5,13.85
591,558,27.7,61.3,13.85
594,557,27.7,61.3,13.85
568,558,27.7,61.4,13.85
567,557,27.7,61.4,13.85
568,558,27.7,61.4,13.85
591,558,27.7,61.4,13.85
567,584,27.7,61.4,13.85
567,560,27.7,61.4,13.85
573,557,27.7,61.3,13.85
591,584,27.7,61.3,13.85
574,584,27.7,61.3,13.85
576,557,27.7,61.3,13.85
574,584,27.7,61.4,13.85
573,558,27.7,61.4,13.85
597,560,27.7,61.2,13.85
574,584,27.7,61.2,13.85
574,560,27.7,61.3,13.85
574,563,27.7,61.3,13.85
574,563,27.7,61.3,13.85
576,566,27.7,61.3,13.85
574,563,27.7,61.5,13.85
597,563,27.7,61.5,13.85
574,591,27.6,61.3,13.85
567,564,27.6,61.3,13.85
568,563,27.7,61.4,13.85
567,564,27.7,61.4,13.85
567,567,27.7,61.5,13.85
568,590,27.7,61.5,13.85
568,564,27.7,61.4,13.85
567,564,27.7,61.4,13.85
567,566,27.7,61.5,13.85
591,567,27.7,61.5,13.85
594,564,27.7,61.7,13.85
591,567,27.7,61.7,13.85
594,558,27.8,61.3,13.85
568,584,27.8,61.3,13.85
594,558,27.7,61.3,13.85
567,558,27.7,61.3,13.85
567,560,27.7,61.5,13.85
593,562,27.7,61.5,13.85
567,557,27.7,61.4,13.85
594,557,27.7,61.4,13.85
567,560,27.7,61.4,13.85
567,557,27.7,61.4,13.85
568,557,27.7,61.4,13.85
567,558,27.7,61.4,13.85
568,557,27.7,61.5,13.85
567,558,27.7,61.5,13.85
567,557,27.7,61.3,13.85
567,560,27.7,61.3,13.85
594,557,27.7,61.5,13.85
567,560,27.7,61.5,13.85
568,557,27.6,61.4,13.85
573,557,27.6,61.4,13.85
574,558,27.6,61.3,13.85
574,557,27.6,61.3,13.85
574,557,27.7,61.3,13.85
574,558,27.7,61.3,13.85
574,563,27.7,61.3,13.85
573,590,27.7,61.3,13.85
601,563,27.7,61.7,13.85
593,564,27.7,61.7,13.85
568,564,27.6,61.6,13.85
593,564,27.6,61.6,13.85
568,567,27.7,61.4,13.85
567,564,27.7,61.4,13.85
568,563,27.6,61.4,13.85
594,562,27.6,61.4,13.85
591,557,27.6,61.6,13.85
567,557,27.6,61.6,13.85
594,584,27.6,61.4,13.85
591,557,27.6,61.4,13.85
591,561,27.6,61.3,13.85
591,558,27.6,61.3,13.85
574,557,27.7,61.5,13.85
567,584,27.7,61.5,13.85
591,557,27.6,61.5,13.85
567,558,27.6,61.5,13.85
599,584,27.7,61.5,13.85
568,557,27.7,61.5,13.85
568,558,27.7,61.6,13.85
574,560,27.7,61.6,13.85
597,562,27.6,61.6,13.85
573,590,27.6,61.6,13.85
597,564,27.6,61.7,13.85
594,567,27.6,61.7,13.85
568,590,27.6,61.6,13.85
567,591,27.6,61.6,13.85
568,590,27.7,61.5,13.85
594,564,27.7,61.5,13.85
591,564,27.7,61.6,13.85
567,557,27.7,61.6,13.85
594,561,27.7,61.5,13.85
594,557,27.7,61.5,13.85
594,558,27.6,61.7,13.85
600,557,27.6,61.7,13.85
573,560,27.6,61.6,13.85
573,558,27.6,61.6,13.85
574,564,27.7,61.5,13.85
573,561,27.7,61.5,13.85
573,562,27.7,61.4,13.85
600,557,27.7,61.4,13.85
600,564,27.7,61.5,13.85
574,557,27.7,61.5,13.85
574,564,27.7,61.8,13.85
567,564,27.7,61.8,13.85
567,564,27.7,61.7,13.85
594,563,27.7,61.7,13.85
594,557,27.7,61.7,13.85
594,558,27.7,61.7,13.85
594,557,27.7,61.6,13.85
573,558,27.7,61.6,13.85
574,558,27.8,61.7,13.85
567,564,27.8,61.7,13.85
567,563,27.7,61.5,13.85
570,564,27.7,61.5,13.85
568,564,27.7,61.6,13.85
567,557,27.7,61.6,13.85
567,558,27.7,61.5,13.85
591,564,27.7,61.5,13.85
567,557,27.7,61.6,13.85
567,558,27.7,61.6,13.85
568,584,27.7,61.7,13.85
597,584,27.7,61.7,13.85
574,558,27.6,61.5,13.85
573,557,27.6,61.5,13.85
598,560,27.7,61.6,13.85
600,560,27.7,61.6,13.85
597,558,27.7,61.7,13.85
597,563,27.7,61.7,13.85
574,563,27.7,61.6,13.85
567,564,27.7,61.6,13.85
591,566,27.8,61.7,13.85
567,558,27.8,61.7,13.85
591,557,27.7,61.5,13.85
591,563,27.7,61.5,13.85
567,567,27.7,61.5,13.85
591,590,27.7,61.5,13.85
567,563,27.7,61.4,13.85
573,564,27.7,61.4,13.85
594,590,27.8,61.6,13.85
594,564,27.8,61.6,13.85
568,591,27.6,61.6,13.85
591,563,27.6,61.6,13.85
591,564,27.7,61.7,13.85
567,564,27.7,61.7,13.85
591,563,27.7,61.5,13.85
567,590,27.7,61.5,13.85
594,564,27.7,61.7,13.85
594,564,27.7,61.7,13.85
567,563,27.7,61.5,13.85
594,564,27.7,61.5,13.85
594,591,27.6,61.6,13.85
567,564,27.6,61.6,13.85
568,564,27.7,61.6,13.85
567,564,27.7,61.6,13.85
594,563,27.7,61.6,13.85
567,557,27.7,61.6,13.85
568,561,27.7,61.7,13.85
573,584,27.7,61.7,13.85
600,584,27.7,61.9,13.85
574,558,27.7,61.9,13.85
574,557,27.7,61.5,13.85
594,558,27.7,61.5,13.85
594,557,27.7,61.7,13.85
573,561,27.7,61.7,13.85
600,557,27.8,61.6,13.85
600,564,27.8,61.6,13.85
598,562,27.7,61.8,13.85
573,563,27.7,61.8,13.85
600,564,27.7,61.6,13.85
591,563,27.7,61.6,13.85
567,590,27.7,61.8,13.85
567,558,27.7,61.8,13.85
567,557,27.6,61.7,13.85
594,558,27.6,61.7,13.85
591,557,27.7,61.7,13.85
573,558,27.7,61.7,13.85
600,584,27.7,61.7,13.85
600,558,27.7,61.7,13.85
574,557,27.7,61.6,13.85
597,567,27.7,61.6,13.85
574,564,27.7,61.8,13.85
591,567,27.7,61.8,13.85
567,564,27.7,61.7,13.85
591,564,27.7,61.7,13.85
568,564,27.7,61.7,13.85
591,584,27.7,61.7,13.85
591,561,27.7,61.5,13.85
567,563,27.7,61.5,13.85
568,567,27.7,61.7,13.85
567,561,27.7,61.7,13.85
594,584,27.7,61.7,13.85
591,560,27.7,61.7,13.85
594,558,27.7,61.6,13.85
573,560,27.7,61.6,13.85
574,557,27.7,61.4,13.85
573,558,27.7,61.4,13.85
573,557,27.7,61.7,13.85
600,558,27.7,61.7,13.85
600,560,27.7,61.8,13.85
600,566,27.7,61.8,13.85
600,564,27.7,61.6,13.85
594,563,27.7,61.6,13.85
568,564,27.7,61.5,13.85
600,564,27.7,61.5,13.85
574,564,27.7,61.9,13.85
593,564,27.7,61.9,13.85
567,590,27.7,61.7,13.85
594,567,27.7,61.7,13.85
591,564,27.7,61.6,13.85
594,557,27.7,61.6,13.85
594,557,27.7,61.7,13.85
591,557,27.7,61.7,13.85
567,584,27.7,61.7,13.85
567,558,27.7,61.7,13.85
594,558,27.7,61.7,13.85
573,584,27.7,61.7,13.85
573,557,27.7,61.8,13.85
574,563,27.7,61.8,13.85
597,564,27.7,61.7,13.85
573,564,27.7,61.7,13.85
568,564,27.8,61.6,13.85
594,567,27.8,61.6,13.85
568,564,27.7,61.6,13.85
567,560,27.7,61.6,13.85
594,561,27.7,61.7,13.85
567,557,27.7,61.7,13.85
568,558,27.7,61.5,13.85
568,585,27.7,61.5,13.85
594,557,27.7,61.8,13.85
594,561,27.7,61.8,13.85
568,558,27.7,61.7,13.85
600,584,27.7,61.7,13.85
574,557,27.7,61.7,13.85
573,557,27.7,61.7,13.85
573,558,27.8,61.7,13.85
574,564,27.8,61.7,13.85
598,590,27.7,61.7,13.85
591,564,27.7,61.7,13.85
568,564,27.8,61.4,13.85
570,564,27.8,61.4,13.85
567,564,27.7,61.6,13.85
567,564,27.7,61.6,13.85
591,564,27.7,61.7,13.85
567,584,27.7,61.7,13.85
594,557,27.7,61.7,13.85
567,557,27.7,61.7,13.85
568,557,27.7,61.8,13.85
574,558,27.7,61.8,13.85
574,557,27.7,61.6,13.85
600,564,27.7,61.6,13.85
597,564,27.7,61.7,13.85
567,563,27.7,61.7,13.85
591,564,27.7,61.8,13.85
567,563,27.7,61.8,13.85
567,567,27.7,61.9,13.85
567,566,27.7,61.9,13.85
568,591,27.7,61.9,13.85
567,560,27.7,61.9,13.85
591,561,27.8,61.5,13.85
591,557,27.8,61.5,13.85
567,557,27.7,61.7,13.85
594,584,27.7,61.7,13.85
591,557,27.7,61.7,13.85
600,560,27.7,61.7,13.85
573,557,27.8,61.7,13.85
597,561,27.8,61.7,13.85
598,558,27.7,61.8,13.85
573,567,27.7,61.8,13.85
574,590,27.7,61.7,13.85
593,564,27.7,61.7,13.85
568,564,27.8,62,13.85
567,566,27.8,62,13.85
594,567,27.7,61.8,13.85
567,564,27.7,61.8,13.85
591,590,27.7,61.6,13.85
567,558,27.7,61.6,13.85
568,557,27.8,61.9,13.85
568,561,27.8,61.9,13.85
573,557,27.8,61.8,13.85
573,558,27.8,61.8,13.85
574,558,27.7,61.7,13.85
597,584,27.7,61.7,13.85
574,564,27.7,61.8,13.85
573,564,27.7,61.8,13.85
569,563,27.7,62.1,13.85
567,564,27.7,62.1,13.85
568,564,27.7,61.7,13.85
567,564,27.7,61.7,13.85
567,563,27.8,61.7,13.85
594,557,27.8,61.7,13.85
568,558,27.8,61.9,13.85
594,560,27.8,61.9,13.85
568,558,27.7,61.8,13.85
573,557,27.7,61.8,13.85
600,585,27.7,61.9,13.85
576,558,27.7,61.9,13.85
573,584,27.7,61.8,13.85
573,557,27.7,61.8,13.85
574,559,27.7,61.9,13.85
574,563,27.7,61.9,13.85
573,563,27.8,61.9,13.85
573,563,27.8,61.9,13.85
568,563,27.8,61.9,13.85
594,567,27.8,61.9,13.85
567,563,27.7,62,13.85
567,563,27.7,62,13.85
567,589,27.7,61.8,13.85
591,557,27.7,61.8,13.85
568,560,27.8,61.7,13.85
567,558,27.8,61.7,13.85
568,557,27.7,61.8,13.85
573,557,27.7,61.8,13.85
598,557,27.7,61.8,13.85
573,561,27.7,61.8,13.85
598,559,27.7,62.1,13.85
573,566,27.7,62.1,13.85
597,590,27.6,62.1,13.85
600,564,27.6,62.1,13.85
574,564,27.8,62,13.85
567,563,27.8,62,13.85
594,564,27.7,61.7,13.85
593,563,27.7,61.7,13.85
568,566,27.7,62,13.85
594,561,27.7,62,13.85
568,558,27.8,61.9,13.85
594,561,27.8,61.9,13.85
567,557,27.7,62,13.85
567,584,27.7,62,13.85
567,560,27.9,61.8,13.85
574,560,27.9,61.8,13.85
600,558,27.7,61.9,13.85
573,557,27.7,61.9,13.85
574,560,27.8,62,13.85
574,564,27.8,62,13.85
574,590,27.7,61.9,13.85
600,564,27.7,61.9,13.85
574,564,27.7,61.9,13.85
573,564,27.7,61.9,13.85
573,564,27.7,62.1,13.85
567,564,27.7,62.1,13.85
567,567,27.7,61.9,13.85
594,563,27.7,61.9,13.85
594,563,27.7,61.9,13.85
593,564,27.7,61.9,13.85
594,563,27.7,62,13.85
567,564,27.7,62,13.85
567,563,27.7,62.1,13.85
567,584,27.7,62.1,13.85
567,561,27.7,62.1,13.85
591,557,27.7,62.1,13.85
591,584,27.7,62.2,13.85
591,560,27.7,62.2,13.85
568,584,27.7,62.2,13.85
594,561,27.7,62.2,13.85
567,561,27.7,62.1,13.85
567,557,27.7,62.1,13.85
567,557,27.7,61.9,13.85
567,557,27.7,61.9,13.85
591,557,27.7,62,13.85
573,557,27.7,62,13.85
574,557,27.8,62.2,13.85
573,557,27.8,62.2,13.85
573,560,27.7,62.1,13.85
573,557,27.7,62.1,13.85
600,558,27.8,62.1,13.85
574,557,27.8,62.1,13.85
573,557,27.7,62,13.85
574,564,27.7,62,13.85
573,564,27.7,62,13.85
594,564,27.7,62,13.85
567,590,27.8,62.2,13.85
594,566,27.8,62.2,13.85
594,564,27.7,61.9,13.85
591,563,27.7,61.9,13.85
568,566,27.7,62.1,13.85
594,564,27.7,62.1,13.85
567,564,27.7,62,13.85
594,564,27.7,62,13.85
591,564,27.7,62.1,13.85
593,557,27.7,62.1,13.85
591,560,27.7,61.9,13.85
567,557,27.7,61.9,13.85
568,560,27.8,62,13.85
568,584,27.8,62,13.85
568,558,27.8,62.1,13.85
591,560,27.8,62.1,13.85
568,557,27.7,62.1,13.85
594,557,27.7,62.1,13.85
567,584,27.8,61.9,13.85
574,558,27.8,61.9,13.85
597,557,27.7,62.1,13.85
574,557,27.7,62.1,13.85
574,557,27.8,62,13.85
573,557,27.8,62,13.85
574,560,27.7,62,13.85
574,563,27.7,62,13.85
593,563,27.7,61.9,13.85
567,564,27.7,61.9,13.85
591,564,27.8,62,13.85
567,564,27.8,62,13.85
567,566,27.7,62.1,13.85
567,590,27.7,62.1,13.85
591,563,27.8,61.9,13.85
567,564,27.8,61.9,13.85
567,561,27.8,62.1,13.85
567,558,27.8,62.1,13.85
567,558,27.8,61.9,13.85
567,557,27.8,61.9,13.85
591,560,27.7,62.1,13.85
567,558,27.7,62.1,13.85
568,557,27.8,62,13.85
596,560,27.8,62,13.85
594,560,27.7,62.1,13.85
573,584,27.7,62.1,13.85
574,584,27.7,62,13.85
573,584,27.7,62,13.85
574,557,27.8,62.1,13.85
600,557,27.8,62.1,13.85
598,560,27.8,62.2,13.85
573,584,27.8,62.2,13.85
600,557,27.8,61.9,13.85
574,586,27.8,61.9,13.85
574,588,27.7,61.8,13.85
600,566,27.7,61.8,13.85
574,564,27.8,62.2,13.85
573,567,27.8,62.2,13.85
571,564,27.7,62.1,13.85
567,563,27.7,62.1,13.85
591,566,27.7,62.1,13.85
567,591,27.7,62.1,13.85
567,563,27.7,62,13.85
567,567,27.7,62,13.85
591,590,27.7,62.1,13.85
567,564,27.7,62.1,13.85
594,567,27.8,62.1,13.85
567,564,27.8,62.1,13.85
594,566,27.8,62.1,13.85
567,558,27.8,62.1,13.85
567,557,27.7,62.1,13.85
594,557,27.7,62.1,13.85
570,558,27.7,62,13.85
567,584,27.7,62,13.85
568,561,27.8,62.1,13.85
567,560,27.8,62.1,13.85
574,561,27.7,62.3,13.85
593,557,27.7,62.3,13.85
567,558,27.7,62.3,13.85
594,558,27.7,62.3,13.85
594,557,27.8,61.9,13.85
567,557,27.8,61.9,13.85
574,584,27.7,62.2,13.85
573,584,27.7,62.2,13.85
574,584,27.8,62.3,13.85
600,560,27.8,62.3,13.85
600,560,27.8,62.1,13.85
597,557,27.8,62.1,13.85
574,561,27.8,62,13.85
573,558,27.8,62,13.85
573,560,27.8,61.9,13.85
574,567,27.8,61.9,13.85
574,564,27.8,62.4,13.85
567,563,27.8,62.4,13.85
591,563,27.8,62.3,13.85
567,564,27.8,62.3,13.85
567,564,27.7,62.4,13.85
567,558,27.7,62.4,13.85
567,557,27.8,62.1,13.85
567,557,27.8,62.1,13.85
591,558,27.8,62.1,13.85
567,558,27.8,62.1,13.85
591,557,27.7,62.2,13.85
567,557,27.7,62.2,13.85
568,558,27.8,62.1,13.85
594,558,27.8,62.1,13.85
567,557,27.8,62.2,13.85
567,558,27.8,62.2,13.85
567,557,27.8,62.2,13.85
569,584,27.8,62.2,13.85
591,558,27.8,62.1,13.85
573,560,27.8,62.1,13.85
597,557,27.7,62.2,13.85
573,557,27.7,62.2,13.85
574,558,27.8,62.1,13.85
600,585,27.8,62.1,13.85
600,557,27.8,62.1,13.85
597,557,27.8,62.1,13.85
576,560,27.7,62,13.85
597,564,27.7,62,13.85
574,591,27.8,62.2,13.85
574,564,27.8,62.2,13.85
574,563,27.8,61.9,13.85
597,564,27.8,61.9,13.85
574,567,27.8,62.1,13.85
567,564,27.8,62.1,13.85
567,566,27.8,62.2,13.85
567,563,27.8,62.2,13.85
567,564,27.7,62.1,13.85
591,563,27.7,62.1,13.85
594,564,27.8,62.1,13.85
594,563,27.8,62.1,13.85
567,564,27.8,62.3,13.85
570,567,27.8,62.3,13.85
594,590,27.7,62.2,13.85
567,564,27.7,62.2,13.85
567,564,27.7,62.3,13.85
591,564,27.7,62.3,13.85
591,566,27.8,62.3,13.85
567,563,27.8,62.3,13.85
591,566,27.8,62.1,13.85
567,567,27.8,62.1,13.85
594,564,27.7,62.3,13.85
567,563,27.7,62.3,13.85
567,564,27.8,62.3,13.85
567,564,27.8,62.3,13.85
568,563,27.8,62.4,13.85
567,558,27.8,62.4,13.85
567,557,27.7,62.2,13.85
594,557,27.7,62.2,13.85
594,558,27.7,62.2,13.85
594,558,27.7,62.2,13.85
594,558,27.8,62.3,13.85
594,557,27.8,62.3,13.85
567,558,27.7,62.3,13.85
567,557,27.7,62.3,13.85
567,557,27.8,62,13.85
568,561,27.8,62,13.85
568,561,27.8,62.2,13.85
593,558,27.8,62.2,13.85
572,560,27.8,62.3,13.85
600,560,27.8,62.3,13.85
600,560,27.8,62,13.85
597,558,27.8,62,13.85
574,560,27.8,62.3,13.85
573,557,27.8,62.3,13.85
573,584,27.8,62.3,13.85
573,584,27.8,62.3,13.85
573,584,27.8,62.2,13.85
574,558,27.8,62.2,13.85
574,557,27.7,62.1,13.85
573,563,27.7,62.1,13.85
574,563,27.8,62.2,13.85
597,567,27.8,62.2,13.85
574,567,27.8,62.2,13.85
597,564,27.8,62.2,13.85
573,563,27.7,62.2,13.85
573,590,27.7,62.2,13.85
574,563,27.8,62.2,13.85
600,563,27.8,62.2,13.85
574,563,27.8,62.1,13.85
597,590,27.8,62.1,13.85
597,563,27.8,62.2,13.85
574,590,27.8,62.2,13.85
600,567,27.8,62.4,13.85
567,567,27.8,62.4,13.85
591,564,27.7,62.3,13.85
567,567,27.7,62.3,13.85
568,567,27.7,62.3,13.85
597,564,27.7,62.3,13.85
596,567,27.8,62.3,13.85
591,566,27.8,62.3,13.85
594,566,27.7,62.3,13.85
597,591,27.7,62.3,13.85
574,591,27.8,62.2,13.85
597,563,27.8,62.2,13.85
573,567,27.8,62.1,13.85
600,563,27.8,62.1,13.85
597,563,27.7,62.3,13.85
597,563,27.7,62.3,13.85
600,563,27.8,62.1,13.85
573,564,27.8,62.1,13.85
574,566,27.8,62.4,13.85
567,567,27.8,62.4,13.85
567,567,27.8,62.2,13.85
567,563,27.8,62.2,13.85
567,566,27.7,62.4,13.85
591,584,27.7,62.4,13.85
591,557,27.7,62.3,13.85
567,590,27.7,62.3,13.85
568,564,27.8,62.4,13.85
591,558,27.8,62.4,13.85
567,558,27.8,62.3,13.85
567,558,27.8,62.3,13.85
568,558,27.8,62.6,13.85
594,557,27.8,62.6,13.85
594,584,27.7,62.4,13.85
573,558,27.7,62.4,13.85
600,557,27.8,62.4,13.85
573,557,27.8,62.4,13.85
573,558,27.8,62.4,13.85
573,564,27.8,62.4,13.85
574,563,27.7,62.4,13.85
593,591,27.7,62.4,13.85
567,563,27.8,62.3,13.85
567,563,27.8,62.3,13.85
594,567,27.8,62.4,13.85
567,558,27.8,62.4,13.85
591,558,27.7,62.3,13.85
567,564,27.7,62.3,13.85
567,564,27.8,62.5,13.85
568,558,27.8,62.5,13.85
591,557,27.8,62.3,13.85
567,558,27.8,62.3,13.85
594,558,27.7,62.7,13.85
567,557,27.7,62.7,13.85
591,560,27.7,62.3,13.85
591,558,27.7,62.3,13.85
594,557,27.8,62.4,13.85
567,557,27.8,62.4,13.85
568,557,27.7,62.4,13.85
597,558,27.7,62.4,13.85
597,584,27.7,62.4,13.85
597,557,27.7,62.4,13.85
574,557,27.8,62.3,13.85
574,564,27.8,62.3,13.85
573,563,27.8,62.4,13.85
594,567,27.8,62.4,13.85
591,567,27.8,62.4,13.85
567,590,27.8,62.4,13.85
568,563,27.7,62.3,13.85
567,564,27.7,62.3,13.85
591,566,27.7,62.6,13.85
567,590,27.7,62.6,13.85
591,566,27.7,62.5,13.85
591,563,27.7,62.5,13.85
567,563,27.7,62.4,13.85
567,560,27.7,62.4,13.85
594,584,27.8,62.7,13.85
567,558,27.8,62.7,13.85
594,558,27.8,62.8,13.85
594,557,27.8,62.8,13.85
591,584,27.7,62.5,13.85
567,557,27.7,62.5,13.85
567,560,27.7,62.7,13.85
567,557,27.7,62.7,13.85
574,558,27.7,62.6,13.85
573,557,27.7,62.6,13.85
574,584,27.7,62.5,13.85
600,558,27.7,62.5,13.85
574,557,27.8,62.5,13.85
573,564,27.8,62.5,13.85
574,563,27.8,62.5,13.85
573,590,27.8,62.5,13.85
573,564,27.8,62.5,13.85
567,591,27.8,62.5,13.85
567,566,27.8,62.6,13.85
567,591,27.8,62.6,13.85
591,564,27.8,62.5,13.85
594,564,27.8,62.5,13.85
594,564,27.7,62.4,13.85
594,557,27.7,62.4,13.85
591,557,27.8,62.4,13.85
594,557,27.8,62.4,13.85
568,584,27.7,62.7,13.85
567,561,27.7,62.7,13.85
591,558,27.8,62.7,13.85
594,557,27.8,62.7,13.85
591,558,27.8,62.6,13.85
567,560,27.8,62.6,13.85
567,557,27.7,62.6,13.85
573,558,27.7,62.6,13.85
573,557,27.7,62.3,13.85
573,561,27.7,62.3,13.85
574,557,27.8,62.3,13.85
597,558,27.8,62.3,13.85
597,558,27.7,62.6,13.85
574,558,27.7,62.6,13.85
573,584,27.8,62.5,13.85
574,563,27.8,62.5,13.85
574,563,27.7,62.6,13.85
573,564,27.7,62.6,13.85
573,564,27.8,62.7,13.85
594,564,27.8,62.7,13.85
594,564,27.7,62.5,13.85
594,564,27.7,62.5,13.85
568,564,27.7,62.4,13.85
591,564,27.7,62.4,13.85
568,564,27.7,62.6,13.85
594,558,27.7,62.6,13.85
567,557,27.8,62.4,13.85
567,557,27.8,62.4,13.85
591,561,27.8,62.6,13.85
567,584,27.8,62.6,13.85
567,558,27.7,62.5,13.85
573,557,27.7,62.5,13.85
573,557,27.7,62.5,13.85
600,557,27.7,62.5,13.85
600,557,27.7,62.6,13.85
597,558,27.7,62.6,13.85
573,564,27.7,62.7,13.85
573,563,27.7,62.7,13.85
573,566,27.7,62.7,13.85
597,584,27.7,62.7,13.85
597,557,27.7,62.7,13.85
573,558,27.7,62.7,13.85
597,560,27.7,62.6,13.85
573,564,27.7,62.6,13.85
597,564,27.8,62.6,13.85
576,564,27.8,62.6,13.85
573,564,27.7,62.7,13.85
591,564,27.7,62.7,13.85
568,563,27.8,62.7,13.85
567,567,27.8,62.7,13.85
567,563,27.7,62.8,13.85
567,590,27.7,62.8,13.85
568,567,27.7,62.8,13.85
567,563,27.7,62.8,13.85
568,563,27.8,62.6,13.85
567,560,27.8,62.6,13.85
568,557,27.7,62.6,13.85
567,557,27.7,62.6,13.85
591,558,27.7,62.7,13.85
567,560,27.7,62.7,13.85
568,560,27.8,62.5,13.85
591,560,27.8,62.5,13.85
591,557,27.7,62.7,13.85
567,558,27.7,62.7,13.85
567,557,27.7,62.5,13.85
597,557,27.7,62.5,13.85
597,561,27.7,62.6,13.85
573,560,27.7,62.6,13.85
574,558,27.8,62.7,13.85
597,557,27.8,62.7,13.85
574,561,27.7,62.9,13.85
573,560,27.7,62.9,13.85
573,557,27.7,62.7,13.85
573,557,27.7,62.7,13.85
574,564,27.8,62.7,13.85
600,591,27.8,62.7,13.85
573,564,27.7,62.6,13.85
597,564,27.7,62.6,13.85
597,567,27.7,62.5,13.85
567,567,27.7,62.5,13.85
591,564,27.7,62.6,13.85
594,567,27.7,62.6,13.85
591,566,27.7,62.7,13.85
594,564,27.7,62.7,13.85
591,591,27.7,62.6,13.85
567,563,27.7,62.6,13.85
568,564,27.7,62.7,13.85
567,564,27.7,62.7,13.85
568,563,27.7,62.6,13.85
568,566,27.7,62.6,13.85
591,564,27.7,62.9,13.85
567,567,27.7,62.9,13.85
591,564,27.7,62.7,13.85
567,591,27.7,62.7,13.85
567,564,27.8,62.8,13.85
591,558,27.8,62.8,13.85
591,557,27.7,62.9,13.85
567,557,27.7,62.9,13.85
567,561,27.7,62.9,13.85
567,560,27.7,62.9,13.85
568,558,27.7,62.5,13.85
567,557,27.7,62.5,13.85
591,557,27.7,62.6,13.85
570,557,27.7,62.6,13.85
591,557,27.7,62.7,13.85
593,560,27.7,62.7,13.85
591,557,27.7,62.8,13.85
573,557,27.7,62.8,13.85
573,557,27.8,62.7,13.85
573,557,27.8,62.7,13.85
574,560,27.7,62.6,13.85
573,557,27.7,62.6,13.85
574,564,27.7,62.9,13.85
600,557,27.7,62.9,13.85
600,557,27.7,62.7,13.85
600,557,27.7,62.7,13.85
600,557,27.8,62.8,13.85
600,563,27.8,62.8,13.85
574,567,27.8,62.8,13.85
574,567,27.8,62.8,13.85
574,567,27.8,62.8,13.85
569,590,27.8,62.8,13.85
568,567,27.7,62.7,13.85
567,566,27.7,62.7,13.85
591,563,27.7,62.7,13.85
567,563,27.7,62.7,13.85
565,563,27.8,62.7,13.85
567,564,27.8,62.7,13.85
591,563,27.7,63,13.85
567,564,27.7,63,13.85
567,564,27.8,62.8,13.85
567,563,27.8,62.8,13.85
567,590,27.8,62.7,13.85
591,563,27.8,62.7,13.85
591,564,27.8,62.7,13.85
567,564,27.8,62.7,13.85
568,563,27.7,62.7,13.85
567,566,27.7,62.7,13.85
594,567,27.7,63,13.85
594,567,27.7,63,13.85
567,563,27.8,62.8,13.85
591,563,27.8,62.8,13.85
591,564,27.7,62.9,13.85
594,564,27.7,62.9,13.85
594,563,27.8,62.9,13.85
567,564,27.8,62.9,13.85
594,564,27.7,62.9,13.85
567,564,27.7,62.9,13.85
568,567,27.7,62.8,13.85
567,557,27.7,62.8,13.85
568,558,27.8,62.9,13.85
591,558,27.8,62.9,13.85
591,557,27.8,63,13.85
570,558,27.8,63,13.85
567,558,27.8,62.8,13.85
567,558,27.8,62.8,13.85
591,560,27.8,62.8,13.85
567,558,27.8,62.8,13.85
568,557,27.8,63.2,13.85
573,557,27.8,63.2,13.85
573,557,27.8,62.8,13.85
573,584,27.8,62.8,13.85
573,557,27.7,63,13.85
573,557,27.7,63,13.85
573,557,27.7,62.7,13.85
573,557,27.7,62.7,13.85
574,558,27.7,63,13.85
573,557,27.7,63,13.85
574,557,27.7,63.1,13.85
600,557,27.7,63.1,13.85
597,557,27.7,63,13.85
573,584,27.7,63,13.85
574,557,27.7,62.7,13.85
573,557,27.7,62.7,13.85
574,560,27.7,62.9,13.85
574,584,27.7,62.9,13.85
597,558,27.8,62.9,13.85
574,557,27.8,62.9,13.85
600,557,27.8,63.1,13.85
573,560,27.8,63.1,13.85
597,557,27.7,63,13.85
573,564,27.7,63,13.85
573,563,27.7,62.8,13.85
574,564,27.7,62.8,13.85
574,563,27.8,62.7,13.85
567,591,27.8,62.7,13.85
568,564,27.7,62.7,13.85
567,564,27.7,62.7,13.85
594,591,27.7,63.1,13.85
600,564,27.7,63.1,13.85
574,564,27.7,62.8,13.85
567,563,27.7,62.8,13.85
567,590,27.7,63.1,13.85
574,590,27.7,63.1,13.85
574,564,27.8,63.3,13.85
573,564,27.8,63.3,13.85
594,563,27.7,62.9,13.85
574,566,27.7,62.9,13.85
568,564,27.7,63,13.85
567,563,27.7,63,13.85
568,563,27.7,63,13.85
594,564,27.7,63,13.85
568,567,27.7,62.9,13.85
567,567,27.7,62.9,13.85
591,563,27.7,63.1,13.85
597,564,27.7,63.1,13.85
574,564,27.7,63,13.85
573,566,27.7,63,13.85
591,563,27.7,63.1,13.85
573,564,27.7,63.1,13.85
574,563,27.7,63,13.85
573,564,27.7,63,13.85
574,563,27.7,62.9,13.85
573,591,27.7,62.9,13.85
574,563,27.7,63,13.85
574,563,27.7,63,13.85
567,563,27.7,63,13.85
594,564,27.7,63,13.85
568,564,27.7,63,13.85
567,563,27.7,63,13.85
567,563,27.7,62.9,13.85
594,564,27.7,62.9,13.85
568,563,27.7,63.1,13.85
573,567,27.7,63.1,13.85
567,563,27.8,63.1,13.85
594,590,27.8,63.1,13.85
591,563,27.7,63,13.85
568,564,27.7,63,13.85
591,566,27.7,63.2,13.85
567,564,27.7,63.2,13.85
594,567,27.7,62.9,13.85
591,563,27.7,62.9,13.85
591,563,27.8,62.9,13.85
567,566,27.8,62.9,13.85
591,563,27.7,63.3,13.85
591,564,27.7,63.3,13.85
568,564,27.7,63.1,13.85
567,563,27.7,63.1,13.85
568,563,27.7,63,13.85
591,563,27.7,63,13.85
567,564,27.7,63,13.85
570,564,27.7,63,13.85
568,564,27.7,63.1,13.85
594,566,27.7,63.1,13.85
567,567,27.7,63.3,13.85
567,563,27.7,63.3,13.85
568,563,27.7,63.1,13.85
594,563,27.7,63.1,13.85
568,563,27.7,63.2,13.85
567,567,27.7,63.2,13.85
568,564,27.8,63.2,13.85
567,564,27.8,63.2,13.85
568,557,27.7,63.2,13.85
591,560,27.7,63.2,13.85
568,557,27.7,63.2,13.85
567,584,27.7,63.2,13.85
568,557,27.7,63,13.85
591,558,27.7,63,13.85
574,558,27.7,63.2,13.85
574,557,27.7,63.2,13.85
597,560,27.7,63.3,13.85
573,557,27.7,63.3,13.85
574,557,27.7,63.2,13.85
574,590,27.7,63.2,13.85
594,564,27.7,63.3,16.35
570,557,27.7,63.3,16.35
594,558,27.7,63.3,16.35
576,560,27.7,63.3,16.35
600,557,27.7,63.6,16.35
600,557,27.7,63.6,16.35
600,563,27.7,63.4,16.35
574,563,27.7,63.4,16.35
594,564,27.7,63.3,16.35
570,564,27.7,63.3,16.35
568,558,27.7,63.4,16.35
567,557,27.7,63.4,16.35
594,584,27.7,63.6,16.35
573,557,27.7,63.6,16.35
574,557,27.8,63.5,16.35
597,590,27.8,63.5,16.35
600,567,27.8,63.1,16.35
594,567,27.8,63.1,16.35
594,564,27.7,63.3,16.35
570,590,27.7,63.3,16.35
571,557,27.7,63.3,16.35
594,558,27.7,63.3,16.35
594,560,27.7,63.2,16.35
574,585,27.7,63.2,16.35
600,558,27.7,63.2,16.35
600,558,27.7,63.2,16.35
574,563,27.7,63.3,16.35
576,566,27.7,63.3,16.35
591,564,27.8,63.2,16.35
567,564,27.8,63.2,16.35
568,563,27.7,63.4,16.35
591,566,27.7,63.4,16.35
567,557,27.7,63.4,16.35
594,558,27.7,63.4,16.35
567,560,27.7,63.3,16.35
570,558,27.7,63.3,16.35
574,557,27.7,63.4,16.35
600,584,27.7,63.4,16.35
600,560,27.7,63.3,16.35
573,561,27.7,63.3,16.35
600,564,27.7,63.4,16.35
600,564,27.7,63.4,16.35
577,564,27.8,63.3,16.35
593,564,27.8,63.3,16.35
567,567,27.7,63.2,16.35
567,557,27.7,63.2,16.35
594,557,27.8,63.5,16.35
567,560,27.8,63.5,16.35
594,561,27.8,63.1,16.35
594,558,27.8,63.1,16.35
594,557,27.8,63.4,16.35
593,558,27.8,63.4,16.35
576,557,27.8,63.4,16.35
600,557,27.8,63.4,16.35
600,558,27.7,63.4,16.35
600,557,27.7,63.4,16.35
574,564,27.7,63.5,16.35
600,563,27.7,63.5,16.35
601,563,27.7,63.3,16.35
568,563,27.7,63.3,16.35
568,567,27.8,63.5,16.35
594,567,27.8,63.5,16.35
567,563,27.8,63.5,16.35
567,590,27.8,63.5,16.35
570,590,27.7,63.2,16.35
567,560,27.7,63.2,16.35
594,558,27.7,63.1,16.35
591,557,27.7,63.1,16.35
568,557,27.7,63.2,16.35
600,558,27.7,63.2,16.35
574,557,27.8,63.2,16.35
600,560,27.8,63.2,16.35
597,561,27.7,63.1,16.35
597,561,27.7,63.1,16.35
597,558,27.8,63.2,16.35
574,567,27.8,63.2,16.35
574,563,27.7,63.3,16.35
567,564,27.7,63.3,16.35
594,564,27.7,63.3,16.35
570,564,27.7,63.3,16.35
567,563,27.7,63.5,16.35
567,563,27.7,63.5,16.35
568,557,27.7,63.3,16.35
567,584,27.7,63.3,16.35
594,557,27.7,63.3,16.35
567,557,27.7,63.3,16.35
573,557,27.7,63.3,16.35
600,558,27.7,63.3,16.35
597,561,27.7,63.3,16.35
600,558,27.7,63.3,16.35
600,558,27.7,63.5,16.35
573,564,27.7,63.5,16.35
574,563,27.7,63.4,16.35
593,564,27.7,63.4,16.35
591,563,27.8,63.3,16.35
567,564,27.8,63.3,16.35
594,564,27.7,63.5,16.35
567,564,27.7,63.5,16.35
594,564,27.7,63.3,16.35
570,560,27.7,63.3,16.35
591,557,27.7,63.4,16.35
567,560,27.7,63.4,16.35
594,557,27.8,63.4,16.35
594,558,27.8,63.4,16.35
567,557,27.8,63.3,16.35
600,560,27.8,63.3,16.35
597,560,27.7,63.4,16.35
600,557,27.7,63.4,16.35
574,557,27.7,63.2,16.35
576,563,27.7,63.2,16.35
594,591,27.7,63.3,16.35
594,563,27.7,63.3,16.35
567,564,27.8,63.3,16.35
567,563,27.8,63.3,16.35
591,563,27.7,63.3,16.35
570,558,27.7,63.3,16.35
594,558,27.7,63.7,16.35
594,584,27.7,63.7,16.35
594,557,27.7,63.3,16.35
567,557,27.7,63.3,16.35
568,558,27.7,63.3,16.35
573,584,27.7,63.3,16.35
574,557,27.7,63.3,16.35
574,557,27.7,63.3,16.35
573,563,27.8,63.4,16.35
574,564,27.8,63.4,16.35
600,563,27.7,63.2,16.35
593,564,27.7,63.2,16.35
567,564,27.7,63.2,16.35
570,557,27.7,63.2,16.35
594,558,27.7,63.5,16.35
593,557,27.7,63.5,16.35
594,561,27.7,63.5,16.35
594,557,27.7,63.5,16.35
594,557,27.7,63.4,16.35
567,557,27.7,63.4,16.35
568,558,27.7,63.4,16.35
600,558,27.7,63.4,16.35
597,557,27.7,63.2,16.35
600,564,27.7,63.2,16.35
600,564,27.7,63.2,16.35
594,564,27.7,63.2,16.35
594,567,27.7,63.5,16.35
567,564,27.7,63.5,16.35
594,567,27.7,63.2,16.35
594,564,27.7,63.2,16.35
568,557,27.7,63.2,16.35
594,558,27.7,63.2,16.35
567,557,27.7,63.2,16.35
573,585,27.7,63.2,16.35
597,558,27.7,63.3,16.35
573,566,27.7,63.3,16.35
600,563,27.7,63.4,16.35
573,564,27.7,63.4,16.35
594,563,27.7,63.3,16.35
570,564,27.7,63.3,16.35
568,564,27.7,63.2,16.35
567,560,27.7,63.2,16.35
567,557,27.7,63.2,16.35
600,558,27.7,63.2,16.35
574,557,27.7,63.4,16.35
573,557,27.7,63.4,16.35
574,557,27.7,63.3,16.35
600,566,27.7,63.3,16.35
574,564,27.7,63.4,16.35
567,564,27.7,63.4,16.35
568,563,27.8,63.5,16.35
568,590,27.8,63.5,16.35
567,564,27.7,63.6,16.35
594,564,27.7,63.6,16.35
591,557,27.7,63.4,16.35
594,557,27.7,63.4,16.35
568,557,27.7,63.5,16.35
594,557,27.7,63.5,16.35
594,558,27.7,63.4,16.35
570,557,27.7,63.4,16.35
573,584,27.6,63.3,16.35
600,558,27.6,63.3,16.35
600,584,27.7,63.3,16.35
574,564,27.7,63.3,16.35
573,564,27.6,63.6,16.35
594,591,27.6,63.6,16.35
594,564,27.7,63.3,16.35
594,564,27.7,63.3,16.35
594,563,27.7,63.2,16.35
567,558,27.7,63.2,16.35
568,557,27.7,63.6,16.35
591,558,27.7,63.6,16.35
594,560,27.6,63.5,16.35
568,584,27.6,63.5,16.35
574,558,27.7,63.4,16.35
600,558,27.7,63.4,16.35
600,584,27.7,63.4,16.35
600,558,27.7,63.4,16.35
577,584,27.7,63.4,16.35
600,564,27.7,63.4,16.35
574,566,27.6,63.3,16.35
567,564,27.6,63.3,16.35
594,564,27.7,63.3,16.35
567,564,27.7,63.3,16.35
594,564,27.7,63.3,16.35
594,560,27.7,63.3,16.35
594,558,27.7,63.5,16.35
567,564,27.7,63.5,16.35
594,590,27.7,63.4,16.35
594,563,27.7,63.4,16.35
594,564,27.7,63.5,16.35
594,564,27.7,63.5,16.35
570,564,27.7,63.4,16.35
594,563,27.7,63.4,16.35
568,563,27.7,63.2,16.35
567,584,27.7,63.2,16.35
567,557,27.7,63.4,16.35
570,558,27.7,63.4,16.35
594,557,27.7,63.4,16.35
594,558,27.7,63.4,16.35
565,561,27.7,63.4,16.35
594,558,27.7,63.4,16.35
594,557,27.6,63.4,16.35
570,584,27.6,63.4,16.35
594,557,27.7,63.1,16.35
567,557,27.7,63.1,16.35
594,558,27.8,63.2,16.35
567,557,27.8,63.2,16.35
568,557,27.7,63.4,16.35
573,557,27.7,63.4,16.35
600,560,27.7,63.4,16.35
600,557,27.7,63.4,16.35
601,557,27.7,63.5,16.35
594,557,27.7,63.5,16.35
594,557,27.8,63.6,16.35
567,584,27.8,63.6,16.35
594,557,27.7,63.6,16.35
594,557,27.7,63.6,16.35
574,557,27.8,63.4,16.35
574,557,27.8,63.4,16.35
574,557,27.6,63.5,16.35
576,557,27.6,63.5,16.35
600,558,27.7,63.5,16.35
573,560,27.7,63.5,16.35
600,557,27.7,63.2,16.35
600,560,27.7,63.2,16.35
598,557,27.6,63.4,16.35
600,564,27.6,63.4,16.35
600,564,27.6,63.6,16.35
600,564,27.6,63.6,16.35
600,566,27.7,63.2,16.35
573,567,27.7,63.2,16.35
594,563,27.7,63.4,16.35
594,566,27.7,63.4,16.35
568,567,27.7,63.2,16.35
591,563,27.7,63.2,16.35
591,563,27.7,63.3,16.35
591,564,27.7,63.3,16.35
591,563,27.7,63.3,16.35
591,567,27.7,63.3,16.35
568,567,27.7,63.3,16.35
593,591,27.7,63.3,16.35
591,564,27.7,63.2,16.35
567,585,27.7,63.2,16.35
591,562,27.7,63.4,16.35
568,561,27.7,63.4,16.35
594,584,27.7,63.6,16.35
568,557,27.7,63.6,16.35
567,558,27.7,63.3,16.35
567,558,27.7,63.3,16.35
591,557,27.8,63.6,16.35
594,560,27.8,63.6,16.35
594,558,27.7,63.3,16.35
593,561,27.7,63.3,16.35
591,557,27.7,63.4,16.35
567,558,27.7,63.4,16.35
567,560,27.7,63.3,16.35
594,558,27.7,63.3,16.35
568,560,27.7,63.2,16.35
574,558,27.7,63.2,16.35
597,561,27.7,63.4,16.35
573,557,27.7,63.4,16.35
601,557,27.7,63.2,16.35
577,567,27.7,63.2,16.35
600,563,27.7,63.6,16.35
600,564,27.7,63.6,16.35
574,564,27.7,63.5,16.35
600,557,27.7,63.5,16.35
573,563,27.6,63.4,16.35
600,590,27.6,63.4,16.35
574,563,27.8,63.4,16.35
600,566,27.8,63.4,16.35
574,564,27.7,63.2,16.35
594,564,27.7,63.2,16.35
567,563,27.7,63.4,16.35
567,563,27.7,63.4,16.35
594,563,27.7,63.3,16.35
594,564,27.7,63.3,16.35
567,564,27.7,63.3,16.35
567,563,27.7,63.3,16.35
567,567,27.7,63.3,16.35
594,590,27.7,63.3,16.35
568,564,27.7,63.5,16.35
567,563,27.7,63.5,16.35
568,564,27.7,63.3,16.35
594,563,27.7,63.3,16.35
594,564,27.6,63.5,16.35
567,564,27.6,63.5,16.35
567,584,27.7,63.3,16.35
594,558,27.7,63.3,16.35
594,590,27.6,63.4,16.35
591,560,27.6,63.4,16.35
594,584,27.7,63.3,16.35
591,557,27.7,63.3,16.35
594,557,27.7,63.4,16.35
594,557,27.7,63.4,16.35
594,558,27.7,63.4,16.35
594,560,27.7,63.4,16.35
594,560,27.7,63.3,16.35
593,558,27.7,63.3,16.35
594,558,27.7,63.4,16.35
567,557,27.7,63.4,16.35
567,558,27.7,63.4,16.35
594,558,27.7,63.4,16.35
594,584,27.7,63.4,16.35
594,557,27.7,63.4,16.35
568,557,27.8,63.3,16.35
567,558,27.8,63.3,16.35
567,557,27.7,63.2,16.35
600,557,27.7,63.2,16.35
577,584,27.7,63.6,16.35
576,558,27.7,63.6,16.35
600,557,27.8,63.2,16.35
573,557,27.8,63.2,16.35
574,584,27.7,63.1,16.35
574,558,27.7,63.1,16.35
600,558,27.6,63.5,16.35
600,557,27.6,63.5,16.35
577,557,27.7,63.3,16.35
600,557,27.7,63.3,16.35
573,558,27.7,63.1,16.35
600,557,27.7,63.1,16.35
573,584,27.7,63.3,16.35
573,557,27.7,63.3,16.35
600,561,27.7,63.2,16.35
573,563,27.7,63.2,16.35
574,563,27.7,63.2,16.35
567,564,27.7,63.2,16.35
567,563,27.8,63.3,16.35
594,564,27.8,63.3,16.35
567,564,27.6,63.2,16.35
594,563,27.6,63.2,16.35
567,566,27.6,63.4,16.35
567,564,27.6,63.4,16.35
594,563,27.7,63.2,16.35
591,557,27.7,63.2,16.35
568,557,27.7,63.4,16.35
591,584,27.7,63.4,16.35
594,585,27.6,63.4,16.35
591,557,27.6,63.4,16.35
594,584,27.6,63.1,16.35
567,560,27.6,63.1,16.35
568,558,27.6,63.4,16.35
594,558,27.6,63.4,16.35
571,557,27.7,63.5,16.35
594,557,27.7,63.5,16.35
594,558,27.6,63.1,16.35
567,561,27.6,63.1,16.35
567,557,27.6,63.4,16.35
567,557,27.6,63.4,16.35
594,557,27.6,63.2,16.35
600,561,27.6,63.2,16.35
574,557,27.6,63.2,16.35
576,557,27.6,63.2,16.35
577,584,27.7,63.1,16.35
594,557,27.7,63.1,16.35
594,557,27.7,63.3,16.35
600,557,27.7,63.3,16.35
600,558,27.7,63.4,16.35
600,558,27.7,63.4,16.35
574,557,27.7,63.2,16.35
600,557,27.7,63.2,16.35
573,558,27.7,63.1,16.35
600,558,27.7,63.1,16.35
597,557,27.7,63.2,16.35
600,584,27.7,63.2,16.35
600,557,27.6,63.3,16.35
600,566,27.6,63.3,16.35
574,563,27.6,63.1,16.35
597,567,27.6,63.1,16.35
600,563,27.7,63.2,16.35
600,563,27.7,63.2,16.35
577,563,27.7,63.1,16.35
573,563,27.7,63.1,16.35
597,564,27.7,63.3,16.35
573,564,27.7,63.3,16.35
574,564,27.6,63.2,16.35
571,563,27.6,63.2,16.35
594,563,27.7,63.1,16.35
573,563,27.7,63.1,16.35
600,563,27.7,63.3,16.35
574,564,27.7,63.3,16.35
594,590,27.7,63.2,16.35
567,564,27.7,63.2,16.35
567,564,27.7,63.3,16.35
594,566,27.7,63.3,16.35
567,567,27.6,63.1,16.35
568,564,27.6,63.1,16.35
591,564,27.7,63.1,16.35
567,564,27.7,63.1,16.35
568,587,27.7,63.1,16.35
573,564,27.7,63.1,16.35
574,567,27.6,63,16.35
570,587,27.6,63,16.35
567,591,27.7,63.1,16.35
600,590,27.7,63.1,16.35
573,564,27.6,63.3,16.35
567,563,27.6,63.3,16.35
568,591,27.6,63.2,16.35
591,567,27.6,63.2,16.35
594,563,27.6,63.2,16.35
594,563,27.6,63.2,16.35
594,567,27.6,63.5,16.35
567,564,27.6,63.5,16.35
594,563,27.6,63.2,16.35
568,564,27.6,63.2,16.35
594,564,27.6,63.2,16.35
594,563,27.6,63.2,16.35
594,590,27.5,63.3,16.35
567,563,27.5,63.3,16.35
567,563,27.7,63.2,16.35
567,564,27.7,63.2,16.35
594,591,27.7,63.3,16.35
567,567,27.7,63.3,16.35
594,590,27.7,63.3,16.35
594,563,27.7,63.3,16.35
594,591,27.7,63.3,16.35
570,564,27.7,63.3,16.35
571,558,27.7,63.2,16.35
594,558,27.7,63.2,16.35
594,558,27.7,63,16.35
567,558,27.7,63,16.35
567,560,27.7,63.2,16.35
593,584,27.7,63.2,16.35
567,584,27.7,63.1,16.35
594,557,27.7,63.1,16.35
567,560,27.7,62.9,16.35
567,557,27.7,62.9,16.35
594,557,27.7,63.4,16.35
567,558,27.7,63.4,16.35
567,557,27.7,63.3,16.35
567,584,27.7,63.3,16.35
594,558,27.6,63.2,16.35
594,557,27.6,63.2,16.35
594,558,27.7,63.2,16.35
573,557,27.7,63.2,16.35
574,557,27.7,63,16.35
573,584,27.7,63,16.35
597,560,27.7,63.3,16.35
573,558,27.7,63.3,16.35
574,557,27.7,63.2,16.35
573,564,27.7,63.2,16.35
574,564,27.7,63.1,16.35
574,558,27.7,63.1,16.35
597,557,27.7,63.2,16.35
597,564,27.7,63.2,16.35
597,564,27.7,63.1,16.35
600,564,27.7,63.1,16.35
600,557,27.7,63.1,16.35
573,557,27.7,63.1,16.35
573,561,27.7,63.2,16.35
574,563,27.7,63.2,16.35
598,564,27.6,63.1,16.35
573,564,27.6,63.1,16.35
574,567,27.7,63.1,16.35
600,564,27.7,63.1,16.35
600,560,27.7,63.1,16.35
600,557,27.7,63.1,16.35
597,560,27.7,63,16.35
597,560,27.7,63,16.35
600,558,27.7,63,16.35
600,558,27.7,63,16.35
597,560,27.7,63.2,16.35
600,558,27.7,63.2,16.35
576,563,27.8,63.1,16.35
600,567,27.8,63.1,16.35
574,563,27.7,63.2,16.35
570,564,27.7,63.2,16.35
568,564,27.7,62.9,16.35
594,563,27.7,62.9,16.35
568,563,27.7,62.9,16.35
593,564,27.7,62.9,16.35
567,564,27.7,63.1,16.35
600,563,27.7,63.1,16.35
574,564,27.7,63.2,16.35
567,567,27.7,63.2,16.35
567,564,27.7,63.1,16.35
567,563,27.7,63.1,16.35
567,563,27.8,63.1,16.35
594,566,27.8,63.1,16.35
594,564,27.7,63.1,16.35
600,590,27.7,63.1,16.35
600,564,27.7,63,16.35
574,564,27.7,63,16.35
576,564,27.7,62.9,16.35
597,591,27.7,62.9,16.35
571,587,27.7,63.1,16.35
574,564,27.7,63.1,16.35
600,564,27.8,63.1,16.35
600,590,27.8,63.1,16.35
600,564,27.6,63,16.35
597,564,27.6,63,16.35
574,564,27.7,63,16.35
576,564,27.7,63,16.35
600,564,27.6,62.8,16.35
567,564,27.6,62.8,16.35
591,564,27.7,63,16.35
570,564,27.7,63,16.35
568,564,27.7,62.9,16.35
567,564,27.7,62.9,16.35
594,564,27.6,63,16.35
594,563,27.6,63,16.35
594,564,27.6,63.1,16.35
594,564,27.6,63.1,16.35
568,564,27.7,62.7,16.35
594,563,27.7,62.7,16.35
567,563,27.7,62.9,16.35
567,567,27.7,62.9,16.35
568,563,27.7,63.2,16.35
570,590,27.7,63.2,16.35
594,563,27.6,63,16.35
594,564,27.6,63,16.35
568,563,27.6,63,16.35
567,560,27.6,63,16.35
594,558,27.7,62.9,16.35
567,557,27.7,62.9,16.35
594,558,27.7,63,16.35
567,558,27.7,63,16.35
567,557,27.7,63,16.35
570,557,27.7,63,16.35
570,557,27.7,63.1,16.35
594,563,27.7,63.1,16.35
568,557,27.6,63.1,16.35
568,557,27.6,63.1,16.35
567,557,27.7,62.9,16.35
568,558,27.7,62.9,16.35
591,557,27.6,62.9,16.35
567,558,27.6,62.9,16.35
567,558,27.7,62.9,16.35
594,557,27.7,62.9,16.35
594,585,27.7,62.8,16.35
570,558,27.7,62.8,16.35
568,584,27.7,63,16.35
591,560,27.7,63,16.35
568,557,27.7,62.9,16.35
594,557,27.7,62.9,16.35
594,557,27.6,63,16.35
570,561,27.6,63,16.35
568,557,27.6,63,16.35
577,558,27.6,63,16.35
574,558,27.6,62.7,16.35
577,557,27.6,62.7,16.35
600,558,27.6,63.1,16.35
600,558,27.6,63.1,16.35
574,557,27.6,62.8,16.35
600,557,27.6,62.8,16.35
600,557,27.6,62.8,16.35
600,564,27.6,62.8,16.35
600,567,27.6,62.9,16.35
573,564,27.6,62.9,16.35
567,564,27.7,63,16.35
593,564,27.7,63,16.35
594,563,27.6,62.9,16.35
594,563,27.6,62.9,16.35
568,566,27.6,63,16.35
567,563,27.6,63,16.35
591,563,27.7,62.7,16.35
567,591,27.7,62.7,16.35
591,563,27.7,63,16.35
567,564,27.7,63,16.35
567,563,27.7,62.8,16.35
594,564,27.7,62.8,16.35
591,567,27.7,62.9,16.35
570,563,27.7,62.9,16.35
591,564,27.6,63.2,16.35
567,590,27.6,63.2,16.35
567,567,27.7,63,16.35
567,567,27.7,63,16.35
568,567,27.7,62.8,16.35
594,560,27.7,62.8,16.35
567,557,27.7,62.8,16.35
571,558,27.7,62.8,16.35
568,585,27.6,63.1,16.35
567,558,27.6,63.1,16.35
591,560,27.6,62.9,16.35
594,560,27.6,62.9,16.35
571,557,27.7,63,16.35
594,560,27.7,63,16.35
567,557,27.7,63,16.35
594,557,27.7,63,16.35
567,557,27.6,62.9,16.35
600,557,27.6,62.9,16.35
574,558,27.6,63,16.35
573,558,27.6,63,16.35
600,560,27.7,62.8,16.35
600,557,27.7,62.8,16.35
577,584,27.7,63.1,16.35
600,560,27.7,63.1,16.35
574,557,27.7,62.9,16.35
600,558,27.7,62.9,16.35
597,557,27.7,62.8,16.35
573,560,27.7,62.8,16.35
601,557,27.7,63,16.35
600,557,27.7,63,16.35
574,558,27.7,63.1,16.35
576,557,27.7,63.1,16.35
574,557,27.6,63.1,16.35
600,558,27.6,63.1,16.35
574,557,27.7,63.2,16.35
577,588,27.7,63.2,16.35
600,561,27.7,63.2,16.35
600,564,27.7,63.2,16.35
600,563,27.7,62.9,16.35
600,563,27.7,62.9,16.35
573,564,27.7,62.8,16.35
594,563,27.7,62.8,16.35
594,564,27.6,62.8,16.35
593,564,27.6,62.8,16.35
567,564,27.7,62.8,16.35
591,564,27.7,62.8,16.35
567,564,27.7,62.6,16.35
594,564,27.7,62.6,16.35
567,558,27.6,62.8,16.35
593,557,27.6,62.8,16.35
568,557,27.7,62.9,16.35
567,557,27.7,62.9,16.35
567,558,27.6,62.7,16.35
567,557,27.6,62.7,16.35
567,558,27.6,62.8,16.35
573,584,27.6,62.8,16.35
574,557,27.8,62.7,16.35
573,557,27.8,62.7,16.35
600,557,27.6,63.2,16.35
573,558,27.6,63.2,16.35
600,557,27.7,63.1,16.35
573,560,27.7,63.1,16.35
597,584,27.6,62.8,16.35
573,558,27.6,62.8,16.35
573,584,27.6,62.9,16.35
573,584,27.6,62.9,16.35
574,584,27.7,62.8,16.35
600,591,27.7,62.8,16.35
600,584,27.7,62.8,16.35
573,564,27.7,62.8,16.35
574,590,27.7,62.8,16.35
574,563,27.7,62.8,16.35
591,566,27.7,62.9,16.35
597,567,27.7,62.9,16.35
600,566,27.7,62.7,16.35
600,564,27.7,62.7,16.35
574,590,27.7,62.8,16.35
594,567,27.7,62.8,16.35
591,590,27.7,62.7,16.35
600,564,27.7,62.7,16.35
574,563,27.7,62.5,16.35
567,567,27.7,62.5,16.35
594,564,27.7,62.6,16.35
594,566,27.7,62.6,16.35
591,564,27.7,62.8,16.35
594,564,27.7,62.8,16.35
591,563,27.7,62.8,16.35
594,559,27.7,62.8,16.35
567,557,27.7,62.8,16.35
568,561,27.7,62.8,16.35
567,557,27.6,62.7,16.35
594,558,27.6,62.7,16.35
594,557,27.6,62.8,16.35
594,557,27.6,62.8,16.35
594,584,27.7,62.7,16.35
594,560,27.7,62.7,16.35
571,558,27.7,62.6,16.35
600,558,27.7,62.6,16.35
600,557,27.7,62.7,16.35
574,557,27.7,62.7,16.35
600,558,27.7,62.7,16.35
600,558,27.7,62.7,16.35
600,558,27.8,62.7,16.35
576,557,27.8,62.7,16.35
600,557,27.7,62.9,16.35
574,584,27.7,62.9,16.35
574,557,27.7,62.8,16.35
600,558,27.7,62.8,16.35
574,557,27.7,62.7,16.35
597,558,27.7,62.7,16.35
601,557,27.7,62.9,16.35
600,557,27.7,62.9,16.35
574,557,27.7,62.8,16.35
597,560,27.7,62.8,16.35
597,558,27.7,62.8,16.35
573,563,27.7,62.8,16.35
600,563,27.7,62.9,16.35
600,563,27.7,62.9,16.35
574,564,27.7,62.7,16.35
600,564,27.7,62.7,16.35
577,564,27.7,62.5,16.35
594,563,27.7,62.5,16.35
594,588,27.7,62.8,16.35
594,564,27.7,62.8,16.35
594,567,27.7,62.8,16.35
567,564,27.7,62.8,16.35
567,564,27.7,62.5,16.35
567,563,27.7,62.5,16.35
567,563,27.7,62.5,16.35
567,561,27.7,62.5,16.35
568,558,27.7,62.7,16.35
567,584,27.7,62.7,16.35
591,561,27.6,62.6,16.35
567,560,27.6,62.6,16.35
567,557,27.7,62.7,16.35
568,557,27.7,62.7,16.35
567,557,27.8,62.6,16.35
593,558,27.8,62.6,16.35
591,557,27.7,62.6,16.35
600,557,27.7,62.6,16.35
597,560,27.7,62.4,16.35
576,557,27.7,62.4,16.35
598,557,27.7,62.5,16.35
573,563,27.7,62.5,16.35
574,591,27.7,62.6,16.35
567,567,27.7,62.6,16.35
594,564,27.7,62.4,16.35
593,591,27.7,62.4,16.35
568,563,27.6,62.7,16.35
594,564,27.6,62.7,16.35
594,563,27.7,62.4,16.35
570,584,27.7,62.4,16.35
567,558,27.7,62.5,16.35
594,561,27.7,62.5,16.35
568,557,27.7,62.2,16.35
567,584,27.7,62.2,16.35
594,584,27.6,62.5,16.35
600,584,27.6,62.5,16.35
600,561,27.7,62.4,16.35
600,560,27.7,62.4,16.35
600,557,27.7,62.7,16.35
600,557,27.7,62.7,16.35
601,558,27.7,62.8,16.35
600,557,27.7,62.8,16.35
574,564,27.7,62.5,16.35
576,563,27.7,62.5,16.35
600,564,27.6,62.6,16.35
567,590,27.6,62.6,16.35
568,591,27.7,62.6,16.35
567,590,27.7,62.6,16.35
567,590,27.7,62.6,16.35
570,564,27.7,62.6,16.35
591,563,27.7,62.5,16.35
570,567,27.7,62.5,16.35
594,563,27.7,62.7,16.35
570,591,27.7,62.7,16.35
568,564,27.7,62.5,16.35
567,558,27.7,62.5,16.35
567,558,27.7,62.5,16.35
593,560,27.7,62.5,16.35
567,557,27.7,62.6,16.35
567,557,27.7,62.6,16.35
591,558,27.7,62.5,16.35
597,584,27.7,62.5,16.35
597,558,27.7,62.5,16.35
574,560,27.7,62.5,16.35
597,557,27.7,62.8,16.35
574,557,27.7,62.8,16.35
574,562,27.6,62.5,16.35
594,566,27.6,62.5,16.35
599,564,27.7,62.5,16.35
594,567,27.7,62.5,16.35
567,564,27.5,62.6,16.35
594,590,27.5,62.6,16.35
568,563,27.7,62.8,16.35
591,566,27.7,62.8,16.35
591,563,27.7,62.7,16.35
594,564,27.7,62.7,16.35
568,564,27.7,62.6,16.35
591,558,27.7,62.6,16.35
594,560,27.6,62.6,16.35
591,561,27.6,62.6,16.35
567,560,27.7,62.3,16.35
594,560,27.7,62.3,16.35
568,558,27.7,62.2,16.35
570,557,27.7,62.2,16.35
568,560,27.6,62.5,16.35
600,584,27.6,62.5,16.35
594,557,27.7,62.6,16.35
574,557,27.7,62.6,16.35
574,557,27.6,62.3,16.35
600,558,27.6,62.3,16.35
573,584,27.7,62.4,16.35
600,564,27.7,62.4,16.35
601,563,27.6,62.6,16.35
600,564,27.6,62.6,16.35
574,563,27.6,62.9,16.35
568,564,27.6,62.9,16.35
568,564,27.7,62.6,16.35
594,590,27.7,62.6,16.35
568,590,27.6,62.5,16.35
591,563,27.6,62.5,16.35
568,558,27.6,62.5,16.35
567,557,27.6,62.5,16.35
567,560,27.7,62.4,16.35
574,557,27.7,62.4,16.35
600,557,27.6,62.6,16.35
600,558,27.6,62.6,16.35
576,557,27.7,62.1,16.35
576,590,27.7,62.1,16.35
600,564,27.6,62.3,16.35
600,584,27.6,62.3,16.35
574,564,27.6,62.6,16.35
576,590,27.6,62.6,16.35
597,563,27.7,62.4,16.35
567,563,27.7,62.4,16.35
568,567,27.7,62.6,16.35
594,591,27.7,62.6,16.35
594,563,27.6,62.6,16.35
591,561,27.6,62.6,16.35
567,557,27.7,62.3,16.35
591,567,27.7,62.3,16.35
567,564,27.7,62.5,16.35
591,561,27.7,62.5,16.35
568,560,27.7,62.5,16.35
567,558,27.7,62.5,16.35
594,557,27.5,62.5,16.35
567,557,27.5,62.5,16.35
594,584,27.7,62.5,16.35
594,558,27.7,62.5,16.35
567,557,27.7,62.7,16.35
594,557,27.7,62.7,16.35
594,560,27.6,62.4,16.35
600,560,27.6,62.4,16.35
600,557,27.7,62.4,16.35
573,558,27.7,62.4,16.35
574,567,27.6,62.5,16.35
567,563,27.6,62.5,16.35
571,567,27.6,62.4,16.35
591,591,27.6,62.4,16.35
594,564,27.7,62.1,16.35
594,563,27.7,62.1,16.35
567,591,27.6,62.2,16.35
567,590,27.6,62.2,16.35
594,563,27.7,62.4,16.35
591,557,27.7,62.4,16.35
594,557,27.6,62.4,16.35
594,557,27.6,62.4,16.35
567,558,27.7,62.2,16.35
594,557,27.7,62.2,16.35
571,557,27.7,62.4,16.35
600,557,27.7,62.4,16.35
574,558,27.7,62.4,16.35
600,564,27.7,62.4,16.35
573,564,27.6,62.4,16.35
594,564,27.6,62.4,16.35
568,564,27.7,62.5,16.35
594,567,27.7,62.5,16.35
591,567,27.6,62.3,16.35
594,590,27.6,62.3,16.35
594,563,27.6,62.4,16.35
594,567,27.6,62.4,16.35
594,563,27.7,62.4,16.35
570,558,27.7,62.4,16.35
568,561,27.6,62.5,16.35
594,558,27.6,62.5,16.35
568,557,27.7,62.2,16.35
573,558,27.7,62.2,16.35
600,558,27.6,62.4,16.35
600,557,27.6,62.4,16.35
573,584,27.7,62.3,16.35
573,557,27.7,62.3,16.35
600,557,27.6,62.3,16.35
597,561,27.6,62.3,16.35
574,557,27.5,62.4,16.35
573,564,27.5,62.4,16.35
597,564,27.6,62.5,16.35
591,564,27.6,62.5,16.35
567,563,27.7,62.5,16.35
567,564,27.7,62.5,16.35
567,590,27.6,62.4,16.35
594,567,27.6,62.4,16.35
594,564,27.6,62.5,16.35
594,560,27.6,62.5,16.35
567,558,27.6,62.2,16.35
568,558,27.6,62.2,16.35
568,560,27.6,62.3,16.35
594,584,27.6,62.3,16.35
594,557,27.6,62.4,16.35
600,560,27.6,62.4,16.35
574,557,27.6,62.6,16.35
600,558,27.6,62.6,16.35
600,558,27.6,62.2,16.35
600,563,27.6,62.2,16.35
600,567,27.7,62.3,16.35
574,557,27.7,62.3,16.35
574,563,27.7,62.2,16.35
574,564,27.7,62.2,16.35
600,563,27.6,62.4,16.35
593,564,27.6,62.4,16.35
567,590,27.7,62.3,16.35
573,590,27.7,62.3,16.35
574,563,27.6,62.3,16.35
591,564,27.6,62.3,16.35
591,563,27.6,62.3,16.35
591,567,27.6,62.3,16.35
567,564,27.6,62.4,16.35
593,566,27.6,62.4,16.35
594,567,27.6,62.1,16.35
570,557,27.6,62.1,16.35
594,586,27.6,62.2,16.35
570,558,27.6,62.2,16.35
567,584,27.6,62.4,16.35
570,558,27.6,62.4,16.35
594,557,27.6,62.2,16.35
594,557,27.6,62.2,16.35
568,561,27.6,62.4,16.35
574,557,27.6,62.4,16.35
574,558,27.6,62.5,16.35
573,564,27.6,62.5,16.35
597,590,27.6,62.3,16.35
600,588,27.6,62.3,16.35
573,564,27.6,62.2,16.35
600,563,27.6,62.2,16.35
574,564,27.6,62.4,16.35
567,563,27.6,62.4,16.35
567,564,27.6,62.2,16.35
570,564,27.6,62.2,16.35
591,564,27.6,62.4,16.35
567,558,27.6,62.4,16.35
591,561,27.6,62.3,16.35
567,558,27.6,62.3,16.35
568,558,27.7,62.3,16.35
570,558,27.7,62.3,16.35
568,560,27.6,62.2,16.35
594,558,27.6,62.2,16.35
567,557,27.7,62.3,16.35
594,560,27.7,62.3,16.35
594,584,27.6,62.3,16.35
567,560,27.6,62.3,16.35
568,557,27.6,62.4,16.35
573,557,27.6,62.4,16.35
574,560,27.6,62.3,16.35
600,558,27.6,62.3,16.35
574,560,27.6,62.1,16.35
600,558,27.6,62.1,16.35
600,557,27.6,62.2,16.35
597,564,27.6,62.2,16.35
574,564,27.7,62.2,16.35
600,564,27.7,62.2,16.35
600,564,27.6,62.2,16.35
573,563,27.6,62.2,16.35
567,564,27.5,62.1,16.35
594,564,27.5,62.1,16.35
594,567,27.6,61.9,16.35
570,564,27.6,61.9,16.35
594,563,27.7,62.1,16.35
594,564,27.7,62.1,16.35
594,567,27.6,61.9,16.35
594,563,27.6,61.9,16.35
568,557,27.7,62.1,16.35
567,558,27.7,62.1,16.35
594,557,27.6,62.2,16.35
567,557,27.6,62.2,16.35
567,557,27.6,62,16.35
574,557,27.6,62,16.35
600,558,27.7,62.2,16.35
573,557,27.7,62.2,16.35
598,584,27.7,62.1,16.35
597,560,27.7,62.1,16.35
574,560,27.7,62.2,16.35
573,557,27.7,62.2,16.35
574,584,27.6,62.1,16.35
597,564,27.6,62.1,16.35
597,567,27.7,62,16.35
573,590,27.7,62,16.35
593,566,27.6,62.1,16.35
594,591,27.6,62.1,16.35
567,563,27.7,62.1,16.35
567,563,27.7,62.1,16.35
591,564,27.7,62,16.35
594,564,27.7,62,16.35
591,590,27.7,62.2,16.35
567,564,27.7,62.2,16.35
568,564,27.7,62,16.35
567,557,27.7,62,16.35
594,558,27.6,62,16.35
594,584,27.6,62,16.35
567,561,27.6,62,16.35
597,584,27.6,62,16.35
597,584,27.7,62.2,16.35
573,557,27.7,62.2,16.35
574,561,27.6,62.1,16.35
574,566,27.6,62.1,16.35
597,564,27.7,62,16.35
573,564,27.7,62,16.35
591,563,27.6,62.3,16.35
591,567,27.6,62.3,16.35
568,563,27.6,62.2,16.35
594,564,27.6,62.2,16.35
